radius_of_curvature_m,x,y
95.289392,-2.298335,-2.230983
9.623091,-2.362859,-2.306763
13.439344,-2.426882,-2.383236
12.071369,-2.490536,-2.460531
13.565685,-2.553749,-2.538555
13.854788,-2.616555,-2.617283
16.107585,-2.678973,-2.696681
17.983185,-2.741032,-2.776659
23.962270,-2.802761,-2.857123
32.483105,-2.864288,-2.938041
49.052839,-2.925610,-3.019215
61.858751,-2.986831,-3.100623
56.856482,-3.047987,-3.182242
38.495152,-3.109029,-3.264034
23.239263,-3.169896,-3.346071
16.972731,-3.230459,-3.428447
14.565378,-3.290540,-3.511191
13.482419,-3.350030,-3.594329
12.908347,-3.408843,-3.677844
13.365179,-3.466880,-3.761639
13.157960,-3.524195,-3.845765
13.677518,-3.580754,-3.930164
14.255247,-3.636551,-4.014777
14.938531,-3.691661,-4.099653
16.833272,-3.746072,-4.184694
18.929014,-3.799900,-4.269946
23.906113,-3.853161,-4.355292
33.098122,-3.905999,-4.440754
64.654207,-3.958500,-4.526241
-5551.107093,-4.010794,-4.611685
-85.572948,-4.063048,-4.697075
-45.156007,-4.115346,-4.782315
-34.629970,-4.167820,-4.867430
-29.150292,-4.220537,-4.952393
-29.579329,-4.273563,-5.037223
-28.126616,-4.326895,-5.121895
-30.013340,-4.380589,-5.206487
-31.986324,-4.434619,-5.290981
-31.158939,-4.488965,-5.375376
-33.685110,-4.543689,-5.459769
-31.668292,-4.598723,-5.544075
-27.908011,-4.654074,-5.628272
-25.150353,-4.709818,-5.712405
-21.755307,-4.765944,-5.796372
-18.616926,-4.822488,-5.880116
-16.967449,-4.879537,-5.963634
-16.767647,-4.937119,-6.046875
-16.724459,-4.995235,-6.129816
-17.755735,-5.053893,-6.212471
-19.661435,-5.113082,-6.294879
-23.361931,-5.172726,-6.377029
-30.479091,-5.232759,-6.458970
-49.491374,-5.293090,-6.540753
-198.033307,-5.353612,-6.622448
97.655939,-5.414189,-6.704132
43.420031,-5.474673,-6.785861
29.633777,-5.534942,-6.867693
24.008935,-5.594911,-6.949696
21.035447,-5.654477,-7.031871
20.046850,-5.713560,-7.114200
19.259643,-5.772181,-7.196763
20.096197,-5.830272,-7.279484
21.731035,-5.887843,-7.362341
23.358470,-5.944934,-7.445328
28.322604,-6.001535,-7.528354
33.622300,-6.057737,-7.611432
40.476923,-6.113589,-7.694527
57.288965,-6.169136,-7.777604
92.634083,-6.224472,-7.860681
239.925272,-6.279673,-7.943749
-312.168558,-6.334783,-8.026753
-88.478344,-6.389881,-8.109679
-54.114707,-6.445081,-8.192559
-37.726836,-6.500416,-8.275309
-28.130285,-6.555959,-8.357894
-23.663936,-6.611841,-8.440358
-20.836613,-6.668092,-8.522622
-18.761618,-6.724753,-8.604642
-17.697676,-6.781902,-8.686441
-17.574180,-6.839570,-8.768007
-17.127577,-6.897728,-8.849277
-16.974858,-6.956420,-8.930295
-17.916501,-7.015673,-9.011089
-18.651100,-7.075425,-9.091613
-19.640064,-7.135681,-9.171912
-21.456905,-7.196436,-9.252022
-24.572779,-7.257673,-9.331990
-28.474577,-7.319311,-9.411802
-33.958103,-7.381333,-9.491525
-43.440890,-7.443698,-9.571202
-57.138419,-7.506366,-9.650879
-77.185977,-7.569258,-9.730546
-145.062389,-7.632304,-9.810198
-595.038797,-7.695481,-9.889899
339.277207,-7.758732,-9.969663
118.170469,-7.821967,-10.049458
73.145832,-7.885141,-10.129316
52.839452,-7.948203,-10.209262
42.660750,-8.011118,-10.289337
34.715308,-8.073806,-10.369517
30.474897,-8.136196,-10.449797
28.454649,-8.198288,-10.530240
27.387911,-8.260063,-10.610863
27.198467,-8.321469,-10.691620
28.370938,-8.382503,-10.772507
28.783114,-8.443216,-10.853573
29.427697,-8.503578,-10.934762
32.707220,-8.563579,-11.016039
34.877246,-8.623288,-11.097450
38.011070,-8.682700,-11.178949
42.370222,-8.741791,-11.260458
51.344146,-8.800606,-11.341990
59.755381,-8.859215,-11.423578
72.420193,-8.917595,-11.505134
83.022365,-8.975716,-11.586569
89.418528,-9.033658,-11.667962
85.407503,-9.091446,-11.749338
79.001502,-9.149027,-11.830622
63.739522,-9.206339,-11.911749
59.956533,-9.263471,-11.992883
57.390768,-9.320417,-12.074038
56.816114,-9.377149,-12.155184
57.379837,-9.433674,-12.236333
62.846899,-9.490044,-12.317554
71.947749,-9.546314,-12.398902
94.476781,-9.602530,-12.480408
135.939499,-9.658687,-12.562012
266.474388,-9.714843,-12.643739
-576.856849,-9.771099,-12.725673
-199.210356,-9.827567,-12.807893
-88.497841,-9.884127,-12.890148
-57.704419,-9.940909,-12.972527
-39.027156,-9.998039,-13.055096
-42.151557,-10.055662,-13.137951
-35.342437,-10.113572,-13.220776
-32.069404,-10.171825,-13.303590
-29.412314,-10.230459,-13.386389
-27.275031,-10.289553,-13.469229
-28.840501,-10.349148,-13.552129
-26.371987,-10.409125,-13.634923
-25.317792,-10.469467,-13.717551
-24.239504,-10.530225,-13.800045
-23.698505,-10.591455,-13.882449
-22.417146,-10.653209,-13.964807
-22.699035,-10.715354,-14.046906
-23.523677,-10.777907,-14.128771
-25.163259,-10.840855,-14.210415
-27.410689,-10.904145,-14.291811
-32.891754,-10.967677,-14.372895
-42.456816,-11.031411,-14.453718
-73.274477,-11.095233,-14.534259
-191.764645,-11.159061,-14.614571
341.576515,-11.222757,-14.694628
71.998225,-11.286146,-14.774356
37.570059,-11.349144,-14.853827
28.990504,-11.411850,-14.933355
22.593162,-11.474079,-15.012851
18.888215,-11.535644,-15.092223
16.710317,-11.596375,-15.171376
15.757926,-11.656549,-15.250772
15.053879,-11.716113,-15.330401
14.742124,-11.774990,-15.410199
14.531812,-11.833123,-15.490105
15.786453,-11.890532,-15.570134
16.472653,-11.947422,-15.650503
18.040263,-12.003804,-15.731164
20.450877,-12.059707,-15.812074
24.188043,-12.115180,-15.893189
31.280910,-12.170291,-15.974475
40.598376,-12.225165,-16.055968
59.771903,-12.279875,-16.137642
106.543728,-12.334496,-16.219475
555.457114,-12.389093,-16.301436
-214.983965,-12.443735,-16.383500
-80.134245,-12.498449,-16.465585
-50.495880,-12.553311,-16.547674
-39.658573,-12.608411,-16.629776
-33.533519,-12.663807,-16.711878
-29.746043,-12.719566,-16.793997
-27.288779,-12.775650,-16.876006
-26.360019,-12.832067,-16.957865
-26.199603,-12.888849,-17.039595
-27.420179,-12.946016,-17.121222
-27.756816,-13.003581,-17.202779
-30.752786,-13.061457,-17.284164
-34.004164,-13.119632,-17.365407
-38.803221,-13.178090,-17.446543
-44.717665,-13.236818,-17.527611
-52.813783,-13.295780,-17.608619
-69.141501,-13.354924,-17.689557
-99.812507,-13.414214,-17.770448
-200.018224,-13.473603,-17.851307
13157.317794,-13.533060,-17.932172
245.799676,-13.592547,-18.013077
152.265010,-13.652040,-18.094055
119.180459,-13.711479,-18.175069
110.839210,-13.770850,-18.256131
117.377952,-13.830173,-18.337278
145.579411,-13.889479,-18.418544
210.397858,-13.948787,-18.499931
738.511880,-14.008056,-18.581340
-333.851622,-14.067329,-18.662778
-144.225026,-14.126680,-18.744270
-91.064335,-14.186156,-18.825815
-73.934847,-14.245782,-18.907380
-56.575771,-14.305518,-18.988856
-46.667981,-14.365409,-19.070240
-39.661859,-14.425500,-19.151527
-34.219205,-14.485828,-19.232699
-31.225312,-14.546423,-19.313733
-28.985490,-14.607273,-19.394560
-27.928516,-14.668399,-19.475171
-27.660285,-14.729806,-19.555549
-28.168786,-14.791486,-19.635679
-29.549986,-14.853422,-19.715548
-32.437813,-14.915610,-19.795183
-36.737752,-14.978025,-19.874598
-44.605258,-15.040610,-19.953785
-58.316968,-15.103298,-20.032736
-111.691275,-15.166011,-20.111447
-789.651411,-15.228760,-20.190054
162.180250,-15.291469,-20.268593
72.412171,-15.354040,-20.347057
48.207562,-15.416373,-20.425443
32.790752,-15.478375,-20.503754
26.613000,-15.540096,-20.582192
22.459793,-15.601455,-20.660773
19.850818,-15.662359,-20.739486
18.303772,-15.722731,-20.818320
17.023363,-15.782530,-20.897287
16.614306,-15.841847,-20.976566
16.447380,-15.900648,-21.056136
16.660520,-15.958911,-21.135974
17.113965,-16.016626,-21.216052
18.382185,-16.073820,-21.296373
20.140903,-16.130583,-21.376998
23.036943,-16.186947,-21.457891
27.857645,-16.242958,-21.539011
36.049482,-16.298675,-21.620318
49.835606,-16.354186,-21.701802
85.234537,-16.409547,-21.783411
294.740962,-16.464833,-21.865112
-200.213232,-16.520123,-21.946878
-74.042219,-16.575497,-22.028682
-46.277962,-16.631039,-22.110498
-33.019730,-16.686781,-22.192232
-26.366023,-16.742804,-22.273853
-22.990058,-16.799194,-22.355358
-20.607763,-16.855997,-22.436709
-18.678036,-16.913277,-22.517905
-17.547441,-16.971029,-22.598858
-16.905943,-17.029298,-22.679568
-16.847908,-17.088119,-22.760043
-16.877818,-17.147478,-22.840255
-16.690489,-17.207408,-22.920241
-17.274775,-17.267874,-22.999952
-18.057022,-17.328897,-23.079437
-19.169718,-17.390444,-23.158692
-20.340364,-17.452476,-23.237712
-21.832417,-17.514974,-23.316521
-24.506017,-17.577899,-23.395127
-28.235026,-17.641234,-23.473583
-34.188770,-17.704908,-23.551887
-41.735419,-17.768862,-23.630061
-53.425320,-17.833042,-23.708124
-71.236238,-17.897412,-23.786115
-100.506520,-17.961944,-23.864075
-156.990096,-18.026577,-23.941997
-305.099546,-18.091267,-24.019882
-1328.864254,-18.155996,-24.097762
789.210907,-18.220744,-24.175651
359.881978,-18.285494,-24.253560
270.823872,-18.350209,-24.331472
235.630486,-18.414890,-24.409400
219.493150,-18.479531,-24.487347
217.551418,-18.544118,-24.565302
229.029199,-18.608636,-24.643247
270.087868,-18.673083,-24.721174
328.058392,-18.737486,-24.799108
482.938102,-18.801828,-24.877017
738.192896,-18.866093,-24.954866
1198.164210,-18.930259,-25.032617
1603.706664,-18.994348,-25.110288
1384.535104,-19.058409,-25.187937
953.411078,-19.122413,-25.265529
610.432461,-19.186330,-25.343033
407.991820,-19.250125,-25.420414
265.615711,-19.313804,-25.497696
191.399511,-19.377418,-25.574958
144.460378,-19.440937,-25.652187
111.431670,-19.504312,-25.729351
90.339093,-19.567492,-25.806419
69.664669,-19.630455,-25.883398
59.473781,-19.693261,-25.960406
52.822029,-19.755882,-26.037449
47.555094,-19.818270,-26.114500
44.706990,-19.880379,-26.191533
39.666448,-19.942188,-26.268545
38.500225,-20.003789,-26.345685
37.584061,-20.065155,-26.422935
37.640680,-20.126265,-26.500278
38.173627,-20.187108,-26.577698
39.757947,-20.247708,-26.655217
42.929286,-20.308114,-26.732881
47.884625,-20.368341,-26.810682
55.911160,-20.428415,-26.888612
70.519801,-20.488368,-26.966669
97.223341,-20.548243,-27.044849
186.783057,-20.608061,-27.123115
12917.184263,-20.667884,-27.201472
-221.801628,-20.727779,-27.279927
-114.035687,-20.787783,-27.358454
-78.475547,-20.847936,-27.437035
-59.887938,-20.908251,-27.515621
-47.622554,-20.968788,-27.594227
-43.897808,-21.029630,-27.672894
-38.061257,-21.090743,-27.751538
-33.979602,-21.152200,-27.830200
-31.371996,-21.213994,-27.908817
-29.726880,-21.276176,-27.987413
-30.299302,-21.338799,-28.066026
-29.900806,-21.401789,-28.144559
-28.933957,-21.465206,-28.223079
-30.000253,-21.529000,-28.301510
-31.232194,-21.593219,-28.379924
-34.487568,-21.657899,-28.458382
-36.967758,-21.722887,-28.536740
-40.922303,-21.788189,-28.615036
-47.721658,-21.853789,-28.693297
-58.382134,-21.919697,-28.771584
-74.844411,-21.985910,-28.849953
-106.270451,-22.052311,-28.928327
-206.292792,-22.118803,-29.006657
15082.384798,-22.185350,-29.084973
196.413536,-22.251905,-29.163301
101.748238,-22.318416,-29.241659
73.158093,-22.384859,-29.320094
57.741390,-22.451178,-29.398606
48.379338,-22.517301,-29.477169
41.826294,-22.583166,-29.555761
38.389245,-22.648704,-29.634352
35.375639,-22.713961,-29.713030
32.148509,-22.778876,-29.791759
30.288988,-22.843439,-29.870567
28.624120,-22.907590,-29.949410
28.647609,-22.971269,-30.028238
27.161065,-23.034535,-30.107128
26.849855,-23.097304,-30.185992
24.192045,-23.159493,-30.264742
23.768717,-23.221200,-30.343540
24.639503,-23.282333,-30.422280
23.804913,-23.342988,-30.501066
24.139576,-23.403076,-30.579789
22.118990,-23.462519,-30.658341
21.776521,-23.521427,-30.736902
22.210721,-23.579776,-30.815446
22.399788,-23.637601,-30.894008
22.569591,-23.694925,-30.972601
21.312036,-23.751722,-31.051189
22.013966,-23.808110,-31.129951
22.284822,-23.864059,-31.208834
23.357583,-23.919553,-31.287793
23.665503,-23.974614,-31.366833
25.037748,-24.029337,-31.446070
26.888432,-24.083759,-31.525519
29.412242,-24.137906,-31.605178
32.748367,-24.191818,-31.685051
35.472103,-24.245552,-31.765171
40.337276,-24.299098,-31.845480
46.752981,-24.352494,-31.925981
55.773278,-24.405799,-32.006705
68.339091,-24.459067,-32.087680
92.805695,-24.512360,-32.168942
106.477376,-24.565741,-32.250533
189.659739,-24.619097,-32.332239
441.547191,-24.672497,-32.414110
-1450.095964,-24.726009,-32.496191
-291.504177,-24.779707,-32.578544
-189.672168,-24.833659,-32.661231
-129.831798,-24.887738,-32.744015
-101.918802,-24.941943,-32.826856
-87.087971,-24.996343,-32.909819
-80.117427,-25.050995,-32.992962
-72.105653,-25.105926,-33.076302
-70.738296,-25.160993,-33.159599
-70.934621,-25.216229,-33.242899
-75.331634,-25.271659,-33.326238
-78.291231,-25.327294,-33.409643
-90.034762,-25.383058,-33.493013
-112.127847,-25.438920,-33.576330
-162.183631,-25.494856,-33.659600
-305.615704,-25.550833,-33.742819
-6168.543616,-25.606824,-33.826000
327.487392,-25.662795,-33.909148
157.691108,-25.718696,-33.992249
99.573541,-25.774475,-34.075282
70.104735,-25.830115,-34.158290
56.417231,-25.885605,-34.241328
47.723693,-25.940885,-34.324369
41.171629,-25.995898,-34.407383
35.834783,-26.050637,-34.490421
33.080910,-26.105119,-34.573565
30.892714,-26.159296,-34.656789
28.808443,-26.213127,-34.740065
27.423897,-26.266619,-34.823441
26.596247,-26.319787,-34.906974
26.155669,-26.372604,-34.990640
25.729805,-26.425050,-35.074418
26.276925,-26.477141,-35.158340
26.875558,-26.528912,-35.242449
28.068329,-26.580370,-35.326740
29.515083,-26.631530,-35.411210
31.128428,-26.682411,-35.495856
33.082830,-26.733033,-35.580679
35.386645,-26.783419,-35.665683
38.342574,-26.833592,-35.750869
41.161847,-26.883576,-35.836237
45.139263,-26.933376,-35.921761
50.687944,-26.983008,-36.007427
58.308384,-27.032508,-36.093251
67.447437,-27.081914,-36.179250
80.813661,-27.131233,-36.265391
102.920799,-27.180464,-36.351622
131.677917,-27.229654,-36.437978
167.688237,-27.278840,-36.524478
234.655355,-27.328016,-36.611081
430.312309,-27.377163,-36.697718
1966.085330,-27.426319,-36.784419
-768.867363,-27.475513,-36.871196
-318.796910,-27.524739,-36.958003
-204.908260,-27.574000,-37.044807
-153.047917,-27.623320,-37.131620
-121.761188,-27.672722,-37.218443
-102.533029,-27.722199,-37.305234
-89.187916,-27.771763,-37.391982
-79.602342,-27.821428,-37.478680
-70.502650,-27.871205,-37.565319
-61.330822,-27.921106,-37.651890
-54.625523,-27.971145,-37.738375
-50.857230,-28.021340,-37.824766
-49.227410,-28.071708,-37.911066
-48.796982,-28.122252,-37.997266
-49.705702,-28.172972,-38.083366
-52.087184,-28.223870,-38.169372
-56.845819,-28.274940,-38.255294
-64.185898,-28.326162,-38.341131
-77.198560,-28.377525,-38.426902
-101.525436,-28.429011,-38.512627
-162.097939,-28.480589,-38.598315
-514.826585,-28.532227,-38.683986
309.728564,-28.583895,-38.769672
108.754407,-28.635550,-38.855402
65.402583,-28.687132,-38.941189
46.869934,-28.738588,-39.027064
36.493704,-28.789870,-39.113064
30.219203,-28.840921,-39.199214
25.591586,-28.891681,-39.285522
22.230709,-28.942096,-39.372018
19.635497,-28.992116,-39.458731
17.657441,-29.041684,-39.545681
15.973705,-29.090743,-39.632884
14.606800,-29.139239,-39.720362
13.442330,-29.187119,-39.808141
12.523858,-29.234330,-39.896246
11.861522,-29.280822,-39.984693
11.439858,-29.326551,-40.073490
11.049853,-29.371488,-40.162656
10.758874,-29.415611,-40.252205
10.520240,-29.458889,-40.342135
10.439541,-29.501296,-40.432431
10.191727,-29.542816,-40.523084
10.142719,-29.583444,-40.614127
10.112281,-29.623160,-40.705528
10.137407,-29.661947,-40.797249
9.987782,-29.699799,-40.889276
10.065621,-29.736725,-40.981646
10.224579,-29.772706,-41.074293
10.011846,-29.807730,-41.167156
9.846110,-29.841804,-41.260285
9.734692,-29.874908,-41.353659
9.613504,-29.907006,-41.447205
9.205326,-29.938086,-41.540933
9.195751,-29.968151,-41.634935
9.155542,-29.997181,-41.729177
9.056376,-30.025170,-41.823648
9.137883,-30.052128,-41.918401
9.186573,-30.078066,-42.013452
9.536100,-30.103003,-42.108831
9.759771,-30.126957,-42.204490
10.029646,-30.149963,-42.300475
10.721296,-30.172070,-42.396857
11.320561,-30.193314,-42.493574
11.848086,-30.213734,-42.590597
12.439085,-30.233382,-42.687992
13.479852,-30.252304,-42.785796
13.796375,-30.270516,-42.883851
14.595639,-30.288042,-42.982148
15.442332,-30.304922,-43.080724
16.386255,-30.321190,-43.179571
16.819328,-30.336868,-43.278639
18.054530,-30.351969,-43.377863
19.383318,-30.366533,-43.477269
20.098379,-30.380598,-43.576893
21.640947,-30.394174,-43.676642
23.573753,-30.407289,-43.776474
24.158540,-30.419977,-43.876398
24.619312,-30.432261,-43.976472
25.257044,-30.444130,-44.076559
25.014083,-30.455591,-44.176635
23.271673,-30.466639,-44.276699
22.078342,-30.477249,-44.376760
20.451938,-30.487391,-44.476761
18.200979,-30.497020,-44.576631
16.288820,-30.506090,-44.676457
14.487730,-30.514531,-44.776192
12.967747,-30.522264,-44.875737
11.579797,-30.529217,-44.975154
10.564204,-30.535307,-45.074490
9.766980,-30.540452,-45.173660
9.465194,-30.544587,-45.272620
9.026592,-30.547681,-45.371554
8.793052,-30.549692,-45.470407
8.642458,-30.550592,-45.569131
8.673551,-30.550369,-45.667766
8.738958,-30.549025,-45.766354
8.913887,-30.546574,-45.864867
9.119782,-30.543035,-45.963308
9.620786,-30.538439,-46.061707
10.302598,-30.532837,-46.160044
11.259571,-30.526298,-46.258323
12.094643,-30.518887,-46.356654
13.403224,-30.510678,-46.454920
14.508148,-30.501743,-46.553112
15.725915,-30.492129,-46.651358
16.248746,-30.481882,-46.749640
17.201309,-30.471038,-46.847874
17.811202,-30.459618,-46.946126
17.574762,-30.447633,-47.044430
17.489575,-30.435085,-47.142746
17.084690,-30.421970,-47.241046
16.127576,-30.408266,-47.339377
15.702907,-30.393938,-47.437770
15.222626,-30.378981,-47.536106
14.567570,-30.363366,-47.634424
14.581318,-30.347062,-47.732773
14.154221,-30.330077,-47.831039
13.562533,-30.312388,-47.929236
13.290138,-30.293958,-48.027414
13.015993,-30.274778,-48.125517
12.450194,-30.254835,-48.223500
11.823017,-30.234083,-48.321418
11.697526,-30.212478,-48.419291
11.039939,-30.190026,-48.516987
10.525762,-30.166666,-48.614569
9.867547,-30.142332,-48.712086
9.459693,-30.116990,-48.809422
9.106634,-30.090591,-48.906571
8.547810,-30.063069,-49.003575
8.493994,-30.034386,-49.100350
8.327041,-30.004533,-49.196838
8.157090,-29.973485,-49.293038
8.117501,-29.941229,-49.388908
8.150573,-29.907764,-49.484423
8.254617,-29.873116,-49.579519
8.318110,-29.837297,-49.674199
8.372872,-29.800337,-49.768415
8.727130,-29.762279,-49.862103
8.721725,-29.723143,-49.955313
8.744129,-29.682963,-50.047987
9.039782,-29.641782,-50.140059
9.138993,-29.599599,-50.231603
9.231241,-29.556445,-50.322605
9.509775,-29.512365,-50.413008
9.791476,-29.467379,-50.502844
10.009533,-29.421500,-50.592159
10.259383,-29.374778,-50.680917
10.986795,-29.327265,-50.769091
11.284988,-29.278970,-50.856778
11.889368,-29.229932,-50.943983
12.924744,-29.180218,-51.030683
14.374551,-29.129878,-51.116925
15.995234,-29.078968,-51.202766
17.789744,-29.027542,-51.288255
20.407578,-28.975677,-51.373393
22.463098,-28.923402,-51.458259
24.611646,-28.870755,-51.542884
26.443220,-28.817763,-51.627295
28.435651,-28.764446,-51.711518
29.208814,-28.710790,-51.795617
29.583613,-28.656829,-51.879557
29.327552,-28.602554,-51.963362
28.217644,-28.547932,-52.047073
28.018205,-28.492927,-52.130724
25.487395,-28.437596,-52.214210
22.718378,-28.381872,-52.297572
20.008288,-28.325669,-52.380846
20.107842,-28.268936,-52.464020
18.100929,-28.211765,-52.546925
17.020704,-28.154086,-52.629584
15.544664,-28.095843,-52.712000
15.768195,-28.036977,-52.794179
14.605417,-27.977573,-52.875979
13.764793,-27.917586,-52.957392
12.944857,-27.856989,-53.038380
12.288298,-27.795734,-53.118927
11.671756,-27.733791,-53.199002
10.921620,-27.671139,-53.278553
10.574229,-27.607770,-53.357505
10.441887,-27.543667,-53.435830
10.237185,-27.478832,-53.513499
10.422604,-27.413232,-53.590534
10.727950,-27.346921,-53.666892
11.052419,-27.279973,-53.742533
11.657201,-27.212469,-53.817418
12.136475,-27.144378,-53.891650
12.900908,-27.075719,-53.965269
13.657601,-27.006602,-54.038230
15.538559,-26.937128,-54.110507
16.343110,-26.867264,-54.182243
17.985334,-26.797051,-54.253467
19.552323,-26.726613,-54.324127
22.029934,-26.656025,-54.394222
21.901311,-26.585181,-54.463926
22.065278,-26.514099,-54.533232
21.239905,-26.442823,-54.602101
20.796502,-26.371376,-54.670496
19.236371,-26.299622,-54.738527
18.122787,-26.227542,-54.806168
17.038968,-26.155115,-54.873396
16.411375,-26.082309,-54.940196
15.881409,-26.009107,-55.006553
15.234051,-25.935482,-55.072462
14.656672,-25.861381,-55.137936
14.502267,-25.786748,-55.202991
14.126739,-25.711575,-55.267617
13.793105,-25.635916,-55.331744
13.534084,-25.559695,-55.395410
13.712390,-25.482830,-55.458666
13.855508,-25.405295,-55.521533
13.826053,-25.327194,-55.583929
14.428626,-25.248539,-55.645849
15.143054,-25.169273,-55.707362
16.235097,-25.089353,-55.768539
16.569549,-25.008936,-55.829304
17.846740,-24.928070,-55.889645
19.145893,-24.846734,-55.949622
20.709351,-24.764916,-56.009290
22.296094,-24.682692,-56.068639
24.819636,-24.600165,-56.127640
27.891949,-24.517352,-56.186334
32.111136,-24.434283,-56.244759
37.896562,-24.350989,-56.302947
44.110313,-24.267542,-56.360909
50.385455,-24.183992,-56.418656
56.499611,-24.100385,-56.476193
60.381797,-24.016725,-56.533542
60.107522,-23.933017,-56.590715
57.630048,-23.849274,-56.647704
52.564945,-23.765541,-56.704470
47.657581,-23.681803,-56.761004
42.603545,-23.598044,-56.817292
37.692703,-23.514270,-56.873302
34.348220,-23.430470,-56.929007
31.318523,-23.346635,-56.984382
28.855864,-23.262715,-57.039428
25.826971,-23.178748,-57.094085
23.692467,-23.094703,-57.148333
22.962980,-23.010599,-57.202120
22.037055,-22.926325,-57.255501
21.536562,-22.841919,-57.308434
21.173812,-22.757386,-57.360904
21.760705,-22.672718,-57.412912
22.710109,-22.587899,-57.464483
23.858725,-22.502912,-57.515649
25.516566,-22.417791,-57.566416
28.184764,-22.332508,-57.616833
31.600984,-22.247099,-57.666921
35.235032,-22.161559,-57.716725
39.637055,-22.075901,-57.766277
44.964331,-21.990108,-57.815620
51.627563,-21.904173,-57.864793
58.928813,-21.818086,-57.913833
69.553073,-21.731855,-57.962764
83.764509,-21.645490,-58.011609
98.868890,-21.558983,-58.060397
108.010649,-21.472286,-58.109175
109.141619,-21.385379,-58.157964
109.536869,-21.298287,-58.206753
97.868028,-21.211076,-58.255502
84.600753,-21.123669,-58.304243
68.440943,-21.035979,-58.353003
62.046274,-20.947986,-58.401764
54.966417,-20.859799,-58.450446
47.879276,-20.771420,-58.499020
43.031125,-20.682773,-58.547500
37.815023,-20.593816,-58.595876
36.944109,-20.504526,-58.644129
33.494899,-20.415026,-58.692173
30.602321,-20.325306,-58.739986
27.755732,-20.235317,-58.787557
25.457700,-20.145080,-58.834837
24.320703,-20.054551,-58.881812
23.493635,-19.963761,-58.928440
22.724839,-19.872735,-58.974691
22.442492,-19.781493,-59.020539
22.484529,-19.690051,-59.065969
22.744844,-19.598434,-59.110969
23.594537,-19.506673,-59.155532
24.862513,-19.414763,-59.199678
26.349623,-19.322732,-59.243419
28.451694,-19.230657,-59.286748
31.243800,-19.138622,-59.329657
36.482865,-19.046679,-59.372163
41.001786,-18.954662,-59.414390
48.475771,-18.862661,-59.456337
58.174593,-18.770771,-59.498002
82.329785,-18.679092,-59.539382
112.554393,-18.587526,-59.580574
159.650612,-18.496002,-59.621648
252.661356,-18.404574,-59.662609
469.702529,-18.313297,-59.703458
2650.564494,-18.222214,-59.744197
-1992.990655,-18.131175,-59.784910
-900.687171,-18.040167,-59.825614
-747.137914,-17.949202,-59.866311
-799.194412,-17.858281,-59.907002
-1473.735377,-17.767393,-59.947691
12516.303463,-17.676461,-59.988407
860.721427,-17.585502,-60.029133
390.855859,-17.494503,-60.069864
251.425873,-17.403424,-60.110603
179.051826,-17.312220,-60.151354
145.844906,-17.220850,-60.192119
120.397545,-17.129373,-60.232855
99.314171,-17.037805,-60.273540
84.480874,-16.946096,-60.314178
75.303360,-16.854193,-60.354771
67.541434,-16.762049,-60.395323
64.323057,-16.669759,-60.435777
60.385487,-16.577369,-60.476102
58.021458,-16.484850,-60.516300
56.720810,-16.392179,-60.556373
55.079495,-16.299341,-60.596322
55.104982,-16.206387,-60.636120
55.549167,-16.113344,-60.675754
56.594520,-16.020226,-60.715221
58.312441,-15.927042,-60.754519
61.133800,-15.833808,-60.793649
64.847892,-15.740533,-60.832615
69.656057,-15.647241,-60.871417
76.361664,-15.553937,-60.910067
84.289071,-15.460658,-60.948562
98.831664,-15.367446,-60.986899
115.710355,-15.274261,-61.025113
140.491509,-15.181127,-61.063213
175.312093,-15.088065,-61.101205
224.862352,-14.995092,-61.139098
321.138686,-14.902248,-61.176891
491.408504,-14.809477,-61.214619
869.905604,-14.716745,-61.252309
3144.646607,-14.624079,-61.289960
-2621.851699,-14.531475,-61.327582
-1007.755843,-14.438953,-61.365175
-673.520472,-14.346514,-61.402745
-538.459240,-14.254092,-61.440323
-467.666546,-14.161699,-61.477909
-431.461520,-14.069336,-61.515506
-416.386261,-13.977007,-61.553113
-421.904437,-13.884712,-61.590733
-446.518420,-13.792428,-61.628373
-485.663794,-13.700137,-61.666040
-545.347916,-13.607835,-61.703733
-639.773330,-13.515527,-61.741449
-807.142280,-13.423202,-61.779188
-1117.567203,-13.330847,-61.816953
-1755.307010,-13.238479,-61.854732
-3279.244710,-13.146086,-61.892529
-11656.821111,-13.053664,-61.930340
11830.560734,-12.961207,-61.968167
4937.547567,-12.868704,-62.006011
3606.617251,-12.776176,-62.043864
3288.343036,-12.683641,-62.081717
3571.570486,-12.591096,-62.119571
4849.304424,-12.498532,-62.157429
12427.445091,-12.405951,-62.195293
-11495.345171,-12.313351,-62.233163
-3226.142865,-12.220763,-62.271030
-1685.667133,-12.128190,-62.308893
-1086.943186,-12.035620,-62.346762
-763.906961,-11.943056,-62.384639
-593.655144,-11.850506,-62.422524
-502.023433,-11.757980,-62.460417
-444.088531,-11.665486,-62.498319
-406.507186,-11.573022,-62.536233
-385.165026,-11.480574,-62.574166
-379.256549,-11.388146,-62.612119
-391.758252,-11.295735,-62.650093
-422.285660,-11.203320,-62.688096
-485.550755,-11.110897,-62.726128
-602.124872,-11.018483,-62.764179
-870.607818,-10.926068,-62.802247
-1905.847167,-10.833635,-62.840335
4633.541296,-10.741159,-62.878447
989.975333,-10.648614,-62.916584
532.484894,-10.556025,-62.954728
346.404511,-10.463406,-62.992864
250.446558,-10.370727,-63.030993
194.216648,-10.277959,-63.069116
152.450632,-10.185071,-63.107231
134.010146,-10.092026,-63.145340
112.236127,-9.998927,-63.183388
98.836469,-9.905739,-63.221376
88.557575,-9.812429,-63.259302
80.966643,-9.718981,-63.297161
74.932371,-9.625372,-63.334950
72.540395,-9.531603,-63.372658
68.751838,-9.437757,-63.410244
66.564096,-9.343819,-63.447707
64.944637,-9.249794,-63.485040
64.302049,-9.155694,-63.522233
64.259567,-9.061525,-63.559282
64.975247,-8.967299,-63.596183
66.122520,-8.873038,-63.632929
68.707214,-8.778765,-63.669514
71.518435,-8.684480,-63.705944
75.595603,-8.590217,-63.742212
80.994981,-8.496018,-63.778313
87.654367,-8.401900,-63.814247
100.226956,-8.307833,-63.850040
117.768530,-8.213829,-63.885701
143.358232,-8.119914,-63.921236
189.073234,-8.026160,-63.956636
296.938527,-7.932644,-63.991890
784.214700,-7.839343,-64.027027
-955.848548,-7.746208,-64.062088
-336.134243,-7.653172,-64.097123
-201.963985,-7.560299,-64.132127
-151.396680,-7.467645,-64.167101
-111.654306,-7.375255,-64.202045
-95.259875,-7.283008,-64.237027
-83.509389,-7.190903,-64.272063
-74.922026,-7.098851,-64.307204
-68.307263,-7.006850,-64.342464
-64.089644,-6.914891,-64.377860
-60.329025,-6.822985,-64.413397
-57.426385,-6.731110,-64.449095
-55.475996,-6.639220,-64.484981
-53.702513,-6.547254,-64.521084
-53.989128,-6.455146,-64.557438
-54.654108,-6.362944,-64.594025
-54.423267,-6.270691,-64.630826
-54.955579,-6.178297,-64.667880
-55.266592,-6.085689,-64.705214
-56.701022,-5.992850,-64.742836
-62.494460,-5.899676,-64.780784
-65.413594,-5.806399,-64.818951
-70.606474,-5.712978,-64.857345
-74.770667,-5.619327,-64.895990
-79.262743,-5.525463,-64.934873
-87.999477,-5.431437,-64.973963
-99.194172,-5.337182,-65.013277
-111.493335,-5.242781,-65.052766
-128.076061,-5.148265,-65.092404
-139.071583,-5.053603,-65.132195
-166.506232,-4.958927,-65.172073
-199.137564,-4.864223,-65.212031
-248.658206,-4.769491,-65.252059
-323.120881,-4.674744,-65.292139
-466.314964,-4.580043,-65.332236
-775.666744,-4.485383,-65.372340
-2162.245912,-4.390798,-65.412427
2932.694125,-4.296345,-65.452463
905.752344,-4.202089,-65.492413
522.196279,-4.108106,-65.532233
370.000837,-4.014309,-65.571954
295.301569,-3.920595,-65.611609
248.823526,-3.827065,-65.651149
220.050253,-3.733827,-65.690520
195.425998,-3.640986,-65.729674
193.769877,-3.548637,-65.768565
172.283449,-3.456539,-65.807294
170.905778,-3.364498,-65.845936
168.401637,-3.272581,-65.884464
169.955210,-3.180849,-65.922850
172.183934,-3.089356,-65.961074
186.372548,-2.998151,-65.999116
197.976750,-2.907134,-66.037023
221.627070,-2.816133,-66.074871
258.050537,-2.725166,-66.112658
320.552955,-2.634253,-66.150381
446.695536,-2.543411,-66.188043
794.585578,-2.452646,-66.225649
26363.673946,-2.361954,-66.263212
-834.564910,-2.271255,-66.300778
-387.411279,-2.180540,-66.338363
-245.782245,-2.089791,-66.375990
-176.273859,-1.998985,-66.413683
-136.050186,-1.908091,-66.451472
-112.894007,-1.817096,-66.489380
-95.207860,-1.726051,-66.527403
-83.160528,-1.634983,-66.565546
-74.798720,-1.543848,-66.603844
-68.653655,-1.452601,-66.642331
-64.757664,-1.361199,-66.681038
-62.742288,-1.269646,-66.719975
-57.844207,-1.177945,-66.759148
-56.424043,-1.086276,-66.798492
-54.971572,-0.994611,-66.838027
-54.233555,-0.902919,-66.877771
-54.047175,-0.811174,-66.917739
-54.858551,-0.719374,-66.957933
-53.605006,-0.627516,-66.998354
-54.907349,-0.535713,-67.038953
-56.239196,-0.443962,-67.079732
-58.309916,-0.352250,-67.120688
-60.989299,-0.260570,-67.161820
-64.650101,-0.168918,-67.203120
-68.487443,-0.077296,-67.244578
-74.801587,0.014255,-67.286166
-82.951946,0.105728,-67.327866
-93.962961,0.197113,-67.369660
-108.491970,0.288397,-67.411526
-130.595029,0.379583,-67.453449
-163.357164,0.470697,-67.495423
-206.758567,0.561764,-67.537445
-277.097038,0.652775,-67.579493
-402.293056,0.743719,-67.621552
-682.424786,0.834589,-67.663604
-2020.340522,0.925384,-67.705636
2906.959277,1.016141,-67.747658
948.559539,1.106901,-67.789677
595.378003,1.197667,-67.831688
451.613655,1.288444,-67.873685
379.167529,1.379239,-67.915666
338.005941,1.470037,-67.957620
312.398126,1.560842,-67.999544
298.046664,1.651686,-68.041451
292.929535,1.742584,-68.083347
295.468492,1.833555,-68.125239
307.978444,1.924618,-68.167135
330.078407,2.015751,-68.209029
364.700532,2.106918,-68.250904
422.562851,2.198142,-68.292776
515.407850,2.289449,-68.334659
690.590770,2.380866,-68.376571
1042.208273,2.472417,-68.418529
1772.830141,2.564101,-68.460536
6190.191592,2.655819,-68.502553
-4787.919254,2.747568,-68.544582
-1833.973838,2.839363,-68.586635
-1184.442704,2.931215,-68.628720
-893.526276,3.023137,-68.670846
-756.501142,3.115134,-68.713019
-658.332112,3.207150,-68.755216
-592.759067,3.299165,-68.797429
-548.874820,3.391178,-68.839660
-519.674905,3.483187,-68.881911
-500.653002,3.575188,-68.924178
-493.017542,3.667172,-68.966461
-496.738521,3.759149,-69.008763
-500.905820,3.851105,-69.051079
-514.691467,3.943026,-69.093400
-537.493297,4.034896,-69.135720
-570.229145,4.126694,-69.178028
-626.921316,4.218400,-69.220313
-713.948309,4.310035,-69.262582
-825.082815,4.401637,-69.304853
-992.189688,4.493189,-69.347114
-1214.606869,4.584661,-69.389349
-1536.374051,4.676030,-69.431546
-2038.224688,4.767271,-69.473691
-3088.809023,4.858388,-69.515785
-4972.198064,4.949464,-69.557863
-11973.343163,5.040507,-69.599928
52154.966443,5.131505,-69.641973
9075.835544,5.222443,-69.683990
5300.751057,5.313307,-69.725972
3925.068030,5.404083,-69.767911
3275.549310,5.494823,-69.809831
2896.297405,5.585543,-69.851738
2693.238351,5.676246,-69.893633
2593.042516,5.766926,-69.935514
2580.420467,5.857578,-69.977378
2647.987819,5.948198,-70.019223
2849.116020,6.038787,-70.061049
3156.799786,6.129375,-70.102871
3717.086529,6.219962,-70.144689
4773.513428,6.310550,-70.186505
7266.849995,6.401144,-70.228321
18573.211164,6.491745,-70.270139
-23312.075707,6.582360,-70.311963
-7260.009124,6.672990,-70.353794
-4607.259506,6.763633,-70.395632
-3508.785088,6.854287,-70.437478
-2946.688426,6.944958,-70.479335
-2625.566973,7.035652,-70.521206
-2446.650022,7.126374,-70.563095
-2348.714789,7.217129,-70.605003
-2335.400956,7.307895,-70.646921
-2391.789651,7.398666,-70.688846
-2530.356786,7.489444,-70.730778
-2783.327612,7.580230,-70.772719
-3222.009277,7.671028,-70.814669
-4020.383182,7.761838,-70.856628
-5694.931872,7.852657,-70.898595
-11459.733550,7.943474,-70.940562
74646.964188,8.034293,-70.982530
7856.914413,8.125111,-71.024499
3935.538043,8.215930,-71.066466
2536.986085,8.306747,-71.108429
1828.998661,8.397561,-71.150387
1399.635062,8.488366,-71.192335
1114.582732,8.579167,-71.234272
917.840764,8.669966,-71.276199
769.212007,8.760759,-71.318112
665.469950,8.851543,-71.360005
600.327557,8.942312,-71.401875
560.376334,9.033063,-71.443719
531.878233,9.123802,-71.485538
520.042476,9.214543,-71.527337
518.439521,9.305285,-71.569115
527.809107,9.396024,-71.610871
548.945552,9.486758,-71.652604
585.977421,9.577486,-71.694314
643.783553,9.668209,-71.736004
734.981152,9.758932,-71.777676
887.914077,9.849661,-71.819336
1173.219744,9.940395,-71.860986
1857.143201,10.031133,-71.902629
5418.692601,10.121875,-71.944268
-4794.228575,10.212623,-71.985908
-1562.271377,10.303373,-72.027551
-898.642186,10.394125,-72.069201
-615.495500,10.484878,-72.110865
-459.561253,10.575635,-72.152548
-361.611177,10.666399,-72.194259
-294.477852,10.757172,-72.236004
-246.383542,10.847951,-72.277789
-210.658348,10.938727,-72.319618
-182.103810,11.029492,-72.361493
-160.484317,11.120250,-72.403427
-143.743563,11.211006,-72.445427
-130.602164,11.301761,-72.487504
-119.239477,11.392518,-72.529667
-110.786654,11.483259,-72.571914
-103.080675,11.573967,-72.614246
-96.562069,11.664640,-72.656669
-90.912869,11.755276,-72.699189
-85.997050,11.845873,-72.741812
-81.625852,11.936428,-72.784545
-77.690421,12.026934,-72.827390
-74.200730,12.117382,-72.870351
-71.109053,12.207769,-72.913432
-68.294926,12.298090,-72.956638
-65.748015,12.388338,-72.999971
-63.365362,12.478504,-73.043435
-61.342282,12.568582,-73.087031
-59.059280,12.658564,-73.130762
-57.192303,12.748460,-73.174640
-55.485619,12.838267,-73.218669
-53.877994,12.927972,-73.262849
-52.352024,13.017563,-73.307179
-50.956022,13.107026,-73.351658
-49.728750,13.196353,-73.396289
-48.319331,13.285552,-73.441080
-47.807982,13.374645,-73.486048
-47.420054,13.463618,-73.531188
-47.359595,13.552458,-73.576495
-47.452807,13.641154,-73.621965
-48.212844,13.729696,-73.667590
-48.463810,13.818089,-73.713370
-49.625886,13.906374,-73.759324
-51.149448,13.994554,-73.805448
-53.136499,14.082623,-73.851731
-55.661358,14.170575,-73.898164
-58.946804,14.258406,-73.944733
-62.843001,14.346112,-73.991426
-68.156467,14.433718,-74.038242
-75.628132,14.521251,-74.085184
-85.833674,14.608712,-74.132234
-100.593822,14.696103,-74.179378
-123.950422,14.783426,-74.226595
-162.798991,14.870684,-74.273867
-256.070176,14.957879,-74.321174
-640.297540,15.045056,-74.368515
1063.826629,15.132222,-74.415866
277.734017,15.219384,-74.463205
161.762499,15.306553,-74.510507
116.576010,15.393739,-74.557750
90.861455,15.480953,-74.604912
77.390223,15.568221,-74.651981
68.318394,15.655557,-74.698943
62.250297,15.742978,-74.745787
58.026387,15.830501,-74.792507
55.299028,15.918143,-74.839099
53.149754,16.005922,-74.885563
52.087886,16.093807,-74.931872
51.849040,16.181807,-74.978029
52.381887,16.269943,-75.024042
53.739765,16.358240,-75.069927
56.094393,16.446720,-75.115699
59.754080,16.535398,-75.161375
63.772278,16.624196,-75.206925
70.847385,16.713111,-75.252360
81.115323,16.802168,-75.297711
97.264914,16.891396,-75.343010
127.045704,16.980822,-75.388295
177.505619,17.070476,-75.433606
325.022817,17.160218,-75.478898
6630.111720,17.250027,-75.524190
-373.215250,17.339931,-75.569528
-182.504537,17.429955,-75.614957
-123.200036,17.520124,-75.660521
-100.209298,17.610457,-75.706261
-85.980892,17.700870,-75.752155
-74.614673,17.791248,-75.798165
-67.567299,17.881600,-75.844316
-62.662989,17.971932,-75.890629
-59.459935,18.062249,-75.937117
-57.124852,18.152551,-75.983793
-56.800910,18.242835,-76.030663
-56.308444,18.333047,-76.077700
-56.603422,18.423161,-76.124893
-57.659156,18.513166,-76.172235
-59.620950,18.603047,-76.219714
-62.409037,18.692786,-76.267313
-68.454260,18.782375,-76.315018
-74.189945,18.871864,-76.362841
-83.709311,18.961249,-76.410765
-97.591121,19.050503,-76.458757
-121.059588,19.139595,-76.506781
-160.795334,19.228491,-76.554796
-309.032115,19.317154,-76.602754
-1142.561815,19.405697,-76.650686
440.207142,19.494090,-76.698546
211.703729,19.582405,-76.746338
140.954282,19.670600,-76.794012
108.340474,19.758637,-76.841520
89.597278,19.846479,-76.888819
78.936268,19.934184,-76.935919
69.839175,20.021800,-76.982829
62.944271,20.109364,-77.029551
59.658151,20.196934,-77.076100
57.068198,20.284482,-77.122452
55.272253,20.371982,-77.168584
54.999914,20.459410,-77.214479
55.162677,20.546800,-77.260156
54.531367,20.634163,-77.305619
56.647315,20.721593,-77.350918
59.272157,20.809072,-77.396050
63.297372,20.896583,-77.441015
69.253624,20.984112,-77.485818
77.260532,21.071644,-77.530466
90.535247,21.159148,-77.574961
114.178148,21.246710,-77.619366
161.110457,21.334323,-77.663703
297.299586,21.421978,-77.707994
3969.877855,21.509670,-77.752269
-359.056911,21.597395,-77.796557
-172.659939,21.685153,-77.840892
-116.739607,21.772894,-77.885281
-90.870666,21.860621,-77.929755
-76.166196,21.948340,-77.974344
-66.971540,22.036058,-78.019074
-60.960237,22.123782,-78.063970
-56.078873,22.211533,-78.109059
-52.887305,22.299286,-78.154343
-51.324447,22.386965,-78.199796
-50.577580,22.474587,-78.245433
-50.810700,22.562169,-78.291266
-51.754686,22.649727,-78.337303
-54.105422,22.737292,-78.383557
-55.413044,22.824877,-78.430029
-60.725396,22.912393,-78.476661
-67.747257,22.999863,-78.523453
-79.181735,23.087315,-78.570399
-97.875606,23.174776,-78.617491
-136.774975,23.262271,-78.664715
-213.353307,23.349829,-78.712056
-798.378095,23.437383,-78.759446
517.909246,23.524966,-78.806866
193.213436,23.612606,-78.854295
121.286322,23.700330,-78.901712
90.439542,23.788146,-78.949085
74.035915,23.876069,-78.996391
63.739243,23.964054,-79.043579
57.186879,24.052116,-79.090631
52.744402,24.140266,-79.137533
49.681568,24.228517,-79.184275
47.966293,24.316888,-79.230854
46.770135,24.405366,-79.277255
46.684870,24.493918,-79.323455
47.392756,24.582536,-79.369448
48.575549,24.671206,-79.415233
51.129477,24.759957,-79.460830
55.059624,24.848795,-79.506252
60.890065,24.937686,-79.551500
70.203789,25.026593,-79.596574
84.800528,25.115483,-79.641481
115.970120,25.204321,-79.686232
185.332875,25.293183,-79.730900
477.146655,25.382026,-79.775499
-801.227442,25.470811,-79.820045
-218.675662,25.559497,-79.864556
-122.642926,25.648044,-79.909047
-88.400670,25.736486,-79.953575
-71.974343,25.824840,-79.998181
-61.719509,25.913080,-80.042882
-55.137632,26.001197,-80.087697
-50.351243,26.089174,-80.132639
-46.710779,26.177020,-80.177731
-44.940908,26.264772,-80.223009
-43.767867,26.352426,-80.268479
-43.239540,26.439976,-80.314146
-43.544402,26.527413,-80.360008
-44.483829,26.614753,-80.406071
-46.367352,26.702023,-80.452345
-49.474128,26.789246,-80.498831
-53.244876,26.876451,-80.545531
-59.159126,26.963626,-80.592423
-67.201431,27.050778,-80.639491
-77.640329,27.137907,-80.686712
-92.074472,27.225051,-80.734085
-115.707874,27.312245,-80.781607
-141.885408,27.399527,-80.829275
-207.185855,27.486814,-80.877025
-319.309655,27.574119,-80.924840
-591.216098,27.661471,-80.972716
-1804.168518,27.748896,-81.020652
5329.361558,27.836412,-81.068646
1296.168006,27.923964,-81.116657
970.974639,28.011530,-81.164667
1041.027727,28.099122,-81.212680
1800.123500,28.186739,-81.260698
-7843.295420,28.274376,-81.308720
-848.112806,28.361999,-81.356737
-373.297540,28.449589,-81.404750
-224.484525,28.537154,-81.452780
-151.819481,28.624665,-81.500832
-116.464251,28.712090,-81.548911
-91.142642,28.799390,-81.597020
-74.741346,28.886581,-81.645193
-64.637672,28.973678,-81.693465
-56.549465,29.060645,-81.741840
-50.748842,29.147447,-81.790323
-46.278529,29.234056,-81.838922
-43.442148,29.320527,-81.887686
-41.846206,29.406863,-81.936633
-40.923229,29.493048,-81.985764
-40.660490,29.579073,-82.035080
-41.187982,29.664935,-82.084580
-42.344127,29.750676,-82.134285
-44.411638,29.836309,-82.184194
-47.559360,29.921848,-82.234305
-52.388160,30.007315,-82.284612
-59.251029,30.092735,-82.335109
-70.128249,30.178089,-82.385759
-86.999225,30.263410,-82.436553
-116.138876,30.348736,-82.487481
-180.508049,30.434107,-82.538535
-359.311982,30.519547,-82.589696
2253.474951,30.605010,-82.640901
257.283972,30.690509,-82.692122
135.285310,30.776086,-82.743344
94.320483,30.861782,-82.794553
74.032602,30.947631,-82.845730
61.004252,31.033596,-82.896819
52.643178,31.119655,-82.947774
46.853604,31.205833,-82.998579
42.636143,31.292150,-83.049218
39.071121,31.378630,-83.099680
36.620351,31.465252,-83.149930
34.783080,31.551995,-83.199933
33.459582,31.638857,-83.249673
32.184763,31.725830,-83.299131
31.246502,31.812943,-83.348311
30.955458,31.900196,-83.397205
30.843953,31.987568,-83.445795
31.158090,32.075041,-83.494072
31.299481,32.162592,-83.542026
32.456014,32.250253,-83.589679
33.596050,32.338043,-83.637054
34.981237,32.425937,-83.684148
36.550144,32.513911,-83.730963
38.323711,32.601950,-83.777506
41.005023,32.690071,-83.823799
43.504866,32.778304,-83.869879
46.749965,32.866644,-83.915757
50.738083,32.955085,-83.961449
55.870404,33.043616,-84.006969
62.415000,33.132231,-84.052332
71.074580,33.220946,-84.097568
82.201576,33.309772,-84.142704
96.245371,33.398721,-84.187766
113.176370,33.487755,-84.232755
134.996524,33.576853,-84.277678
165.538648,33.666007,-84.322546
207.065066,33.755222,-84.367377
268.815385,33.844503,-84.412187
351.880778,33.933854,-84.456991
474.877329,34.023234,-84.501777
647.682473,34.112610,-84.546537
829.856770,34.201976,-84.591274
900.135520,34.291331,-84.635992
797.956984,34.380730,-84.680719
621.931700,34.470101,-84.725417
460.663634,34.559401,-84.770062
321.913489,34.648599,-84.814631
223.306947,34.737739,-84.859136
170.779701,34.826864,-84.903584
133.206274,34.915907,-84.947925
112.665105,35.004823,-84.992121
84.252539,35.093576,-85.036136
73.376811,35.182341,-85.080029
62.962440,35.271097,-85.123768
55.698393,35.359834,-85.167324
47.791517,35.448533,-85.210665
42.932752,35.537260,-85.253795
39.533114,35.626029,-85.296693
36.633096,35.714893,-85.339365
34.813886,35.803892,-85.381807
33.063228,35.893018,-85.424001
31.781613,35.982303,-85.465945
30.560648,36.071801,-85.507650
30.681564,36.161580,-85.549136
30.496463,36.251588,-85.590375
30.135963,36.341824,-85.631365
30.122800,36.432356,-85.672130
29.802361,36.523233,-85.712690
30.977208,36.614391,-85.753013
31.131626,36.705748,-85.793072
32.008702,36.797353,-85.832890
32.293141,36.889251,-85.872495
32.915066,36.981402,-85.911870
34.577216,37.073735,-85.950993
35.884686,37.166278,-85.989888
37.908963,37.259054,-86.028576
37.252461,37.352072,-86.067072
38.642646,37.445128,-86.105293
39.994791,37.538311,-86.143282
41.331427,37.631590,-86.181036
41.809677,37.724919,-86.218546
41.781540,37.818157,-86.255759
42.603422,37.911376,-86.292706
44.320139,38.004596,-86.329401
46.967805,38.097730,-86.365819
48.721845,38.190726,-86.401955
51.123470,38.283612,-86.437830
55.794462,38.376424,-86.473471
64.226857,38.469051,-86.508852
75.003000,38.561508,-86.544005
94.603665,38.653868,-86.578983
139.233736,38.746119,-86.613810
300.539388,38.838182,-86.648493
-550.132285,38.930046,-86.683069
-146.462528,39.021871,-86.717648
-82.930983,39.113634,-86.752275
-61.524335,39.205308,-86.786990
-50.625234,39.296880,-86.821833
-44.938902,39.388371,-86.856845
-41.876969,39.479794,-86.892059
-40.531024,39.571162,-86.927496
-40.852439,39.662500,-86.963174
-42.072682,39.753830,-86.999101
-45.738934,39.845093,-87.035246
-51.868031,39.936341,-87.071610
-65.080394,40.027653,-87.108198
-87.221906,40.119100,-87.145002
-164.997131,40.210602,-87.181944
962.093391,40.302146,-87.218965
131.368981,40.393826,-87.256030
77.254830,40.485714,-87.293101
55.765883,40.577766,-87.330101
42.935400,40.669921,-87.366952
35.661115,40.762240,-87.403622
31.164382,40.854775,-87.440081
27.509651,40.947477,-87.476264
24.858693,41.040319,-87.512115
22.977780,41.133332,-87.547607
21.101209,41.226536,-87.582708
19.784322,41.319896,-87.617367
18.900913,41.413410,-87.651550
18.688165,41.507075,-87.685234
18.500928,41.600894,-87.718409
18.600572,41.694887,-87.751080
18.780924,41.789047,-87.783246
19.004770,41.883367,-87.814909
19.426409,41.977866,-87.846084
19.989561,42.072543,-87.876781
20.754530,42.167396,-87.907015
21.557368,42.262426,-87.936804
22.796802,42.357619,-87.966163
24.306729,42.452977,-87.995117
26.317347,42.548506,-88.023696
28.861311,42.644170,-88.051922
30.890053,42.739965,-88.079825
32.985952,42.835904,-88.107434
34.784774,42.931969,-88.134763
36.077830,43.028132,-88.161821
36.564559,43.124405,-88.188622
37.430793,43.220808,-88.215175
36.664318,43.317295,-88.241472
35.471334,43.413873,-88.267511
33.935477,43.510564,-88.293287
32.057415,43.607372,-88.318788
29.656924,43.704271,-88.343988
27.202354,43.801280,-88.368867
24.959754,43.898429,-88.393400
23.105250,43.995709,-88.417551
21.817007,44.093106,-88.441284
20.836189,44.190639,-88.464577
19.981669,44.288321,-88.487409
19.383297,44.386125,-88.509753
18.964464,44.484049,-88.531593
18.660289,44.582089,-88.552915
18.487370,44.680245,-88.573711
18.444642,44.778505,-88.593973
18.499353,44.876850,-88.613696
18.698671,44.975254,-88.632878
18.959513,45.073748,-88.651529
19.291911,45.172299,-88.669653
19.491993,45.270864,-88.687250
19.462639,45.369454,-88.704329
19.443267,45.468096,-88.720895
19.354618,45.566757,-88.736942
19.269618,45.665405,-88.752465
19.050125,45.764109,-88.767473
18.864477,45.862855,-88.781958
18.680279,45.961625,-88.795913
18.475539,46.060429,-88.809336
18.236584,46.159291,-88.822223
17.950096,46.258204,-88.834567
17.845434,46.357168,-88.846361
17.588261,46.456194,-88.857600
17.476440,46.555287,-88.868280
17.396178,46.654460,-88.878396
17.373794,46.753714,-88.887947
17.131222,46.853039,-88.896928
16.840895,46.952456,-88.905334
16.702229,47.051990,-88.913156
16.395604,47.151605,-88.920386
16.074445,47.251307,-88.927010
15.712513,47.351129,-88.933019
15.567938,47.451099,-88.938400
15.195260,47.551130,-88.943137
14.867798,47.651264,-88.947218
14.628079,47.751548,-88.950628
14.460495,47.851962,-88.953354
14.060160,47.952434,-88.955380
13.756464,48.053011,-88.956690
13.604733,48.153727,-88.957266
13.561331,48.254499,-88.957097
13.355674,48.355268,-88.956178
13.233455,48.456027,-88.954500
13.016935,48.556751,-88.952054
12.864732,48.657418,-88.948830
12.697367,48.757998,-88.944820
12.681578,48.858429,-88.940021
12.178560,48.958652,-88.934431
11.915853,49.058713,-88.928025
11.744069,49.158576,-88.920789
11.994578,49.258129,-88.912728
11.044802,49.357266,-88.903856
11.130893,49.456184,-88.894117
11.333743,49.554746,-88.883528
10.918499,49.652868,-88.872109
10.718181,49.750681,-88.859832
10.851212,49.848262,-88.846677
11.157463,49.945570,-88.832661
11.325064,50.042722,-88.817791
11.594603,50.139775,-88.802073
12.522939,50.236810,-88.785520
13.638342,50.333793,-88.768189
14.402531,50.430817,-88.750122
15.875692,50.528051,-88.731328
18.009565,50.625445,-88.711873
19.205618,50.722815,-88.691858
20.233256,50.820343,-88.671281
22.047370,50.918145,-88.650144
23.236516,51.016043,-88.628517
24.110899,51.113944,-88.606445
24.938378,51.211915,-88.583928
26.078193,51.310036,-88.560959
26.106595,51.408309,-88.537550
26.310009,51.506588,-88.513738
26.596140,51.604882,-88.489522
27.294990,51.703275,-88.464884
24.996188,51.801859,-88.439801
25.292763,51.900414,-88.414305
24.641539,51.998986,-88.388377
23.896425,52.097620,-88.361995
21.659879,52.196107,-88.335197
21.082034,52.294455,-88.307942
20.003014,52.392650,-88.280216
19.304394,52.490568,-88.252030
17.008252,52.588051,-88.223403
16.169092,52.685090,-88.194284
15.170377,52.781708,-88.164628
14.112171,52.877800,-88.134433
12.606005,52.973101,-88.103733
12.890834,53.067766,-88.072425
12.313762,53.161974,-88.040450
11.811096,53.255548,-88.007847
12.115840,53.348397,-87.974631
12.440472,53.440775,-87.940734
12.502340,53.532743,-87.906157
12.274439,53.624225,-87.870939
12.638595,53.715277,-87.835054
13.068132,53.805943,-87.798509
13.161344,53.896285,-87.761303
13.442127,53.986339,-87.723434
13.839956,54.076139,-87.684901
14.105791,54.165706,-87.645716
14.763845,54.255037,-87.605897
15.442097,54.344197,-87.565443
16.262330,54.433265,-87.524348
16.290076,54.522314,-87.482602
17.008203,54.611190,-87.440286
17.481745,54.699942,-87.397393
18.547338,54.788659,-87.353901
18.398004,54.877348,-87.309828
18.860487,54.965904,-87.265229
19.284459,55.054374,-87.220086
20.087195,55.142801,-87.174392
19.401756,55.231189,-87.128153
19.354186,55.319439,-87.081410
19.792748,55.407640,-87.034111
19.217332,55.495747,-86.986281
18.373448,55.583750,-86.937909
17.776548,55.671631,-86.888977
18.061843,55.759438,-86.839438
16.942956,55.847083,-86.789335
16.605988,55.934485,-86.738681
16.161577,56.021664,-86.687445
15.776459,56.108617,-86.635606
15.240070,56.195256,-86.583197
14.818764,56.281541,-86.530217
14.338099,56.367441,-86.476661
13.716199,56.452925,-86.422521
13.240320,56.537969,-86.367778
12.720579,56.622497,-86.312448
12.160415,56.706427,-86.256554
11.208977,56.789764,-86.200045
10.593117,56.872475,-86.142873
10.301929,56.954432,-86.085073
9.419112,57.035595,-86.026629
8.891790,57.115991,-85.967439
8.589880,57.195566,-85.907470
8.383336,57.274271,-85.846716
7.944543,57.352119,-85.785130
7.735268,57.429089,-85.722668
7.727765,57.505123,-85.659340
7.695776,57.580304,-85.595074
7.636249,57.654599,-85.529894
7.578223,57.727988,-85.463809
8.041154,57.800496,-85.396804
8.286319,57.872250,-85.328834
8.441634,57.943212,-85.259986
8.587957,58.013423,-85.190251
9.101597,58.082935,-85.119610
9.285556,58.151737,-85.048140
9.544142,58.219836,-84.975871
9.764827,58.287269,-84.902797
10.029435,58.354059,-84.828926
10.361262,58.420163,-84.754338
10.759940,58.485621,-84.679032
11.040637,58.550473,-84.603006
11.193286,58.614710,-84.526304
11.795553,58.678309,-84.448976
12.215771,58.741316,-84.371025
12.069280,58.803753,-84.292456
12.049337,58.865538,-84.213371
12.331782,58.926673,-84.133765
12.513462,58.987161,-84.053658
12.299329,59.046984,-83.973089
12.259577,59.106107,-83.892094
12.168274,59.164531,-83.810667
12.140763,59.222224,-83.728845
11.752071,59.279180,-83.646630
11.491670,59.335384,-83.564011
11.210398,59.390783,-83.481034
11.180913,59.445368,-83.397687
11.084240,59.499169,-83.313914
11.102938,59.552161,-83.229754
11.606255,59.604328,-83.145246
11.860620,59.655760,-83.060304
12.088015,59.706475,-82.974942
12.282658,59.756477,-82.889182
12.856890,59.805776,-82.803042
13.177802,59.854428,-82.716484
13.614093,59.902445,-82.629530
14.117449,59.949850,-82.542184
14.595489,59.996671,-82.454445
15.342932,60.042915,-82.366350
16.239725,60.088621,-82.277892
17.030805,60.133831,-82.189059
17.409461,60.178566,-82.099865
17.949412,60.222805,-82.010386
18.155576,60.266572,-81.920603
17.955465,60.309882,-81.830497
17.616968,60.352709,-81.740109
17.050812,60.395026,-81.649469
16.270949,60.436820,-81.558556
15.296862,60.478068,-81.467352
14.287063,60.518711,-81.375895
13.205967,60.558704,-81.284169
12.118045,60.597994,-81.192156
11.123598,60.636514,-81.099839
10.138507,60.674185,-81.007219
9.325034,60.710924,-80.914275
8.712261,60.746648,-80.820990
8.251405,60.781290,-80.727336
7.884137,60.814783,-80.633313
7.608980,60.847073,-80.538907
7.508293,60.878122,-80.444102
7.408025,60.907905,-80.348906
7.371807,60.936402,-80.253329
7.398460,60.963608,-80.157365
7.599877,60.989535,-80.060998
7.752017,61.014196,-79.964282
8.009050,61.037621,-79.867223
8.392992,61.059849,-79.769823
8.944063,61.080939,-79.672075
9.519851,61.100942,-79.574051
10.311943,61.119928,-79.475758
11.207666,61.137975,-79.377191
12.244456,61.155158,-79.278364
13.319254,61.171537,-79.179346
14.656250,61.187180,-79.080147
16.140475,61.202153,-78.980763
17.896974,61.216517,-78.881216
19.900547,61.230325,-78.781559
22.469168,61.243632,-78.681805
25.367244,61.256497,-78.581951
29.083159,61.268970,-78.482016
33.612542,61.281095,-78.382042
37.815130,61.292918,-78.282033
40.823709,61.304472,-78.181992
42.104111,61.315777,-78.081936
41.703621,61.326836,-77.981892
40.236419,61.337650,-77.881845
38.009455,61.348209,-77.781800
35.151191,61.358498,-77.681778
32.194252,61.368493,-77.581795
29.139913,61.378171,-77.481815
26.343310,61.387499,-77.381858
23.353974,61.396437,-77.281952
21.110459,61.404939,-77.182091
18.887043,61.412962,-77.082237
17.104026,61.420449,-76.982422
15.522085,61.427344,-76.882679
14.724165,61.433595,-76.782977
13.908236,61.439166,-76.683285
13.415990,61.444020,-76.583638
12.750686,61.448127,-76.484072
12.549438,61.451458,-76.384535
12.202657,61.453996,-76.285010
11.992697,61.455723,-76.185522
11.683186,61.456623,-76.086088
11.634904,61.456680,-75.986671
11.517449,61.455886,-75.887256
11.476051,61.454235,-75.787848
11.498992,61.451723,-75.688451
11.570134,61.448352,-75.589072
11.638554,61.444126,-75.489693
11.704000,61.439048,-75.390298
11.850893,61.433122,-75.290895
11.794653,61.426356,-75.191515
11.760641,61.418746,-75.092135
11.797410,61.410286,-74.992719
12.016405,61.400979,-74.893282
11.891856,61.390836,-74.793882
11.926367,61.379855,-74.694517
11.933599,61.368029,-74.595158
12.173395,61.355361,-74.495806
12.009532,61.341864,-74.396511
12.072688,61.327537,-74.297299
12.035840,61.312376,-74.198148
12.223622,61.296378,-74.099041
12.012175,61.279550,-74.000003
12.114998,61.261894,-73.901091
12.167175,61.243413,-73.802295
12.285895,61.224108,-73.703614
12.271365,61.203985,-73.605049
12.418729,61.183057,-73.506657
12.512534,61.161336,-73.408451
12.547950,61.138833,-73.310453
12.600753,61.115551,-73.212660
12.627616,61.091492,-73.115071
12.617769,61.066668,-73.017718
12.603536,61.041089,-72.920638
12.615713,61.014757,-72.823836
12.491544,60.987664,-72.727275
12.336275,60.959816,-72.631006
12.218285,60.931222,-72.535081
12.125719,60.901876,-72.439496
11.828608,60.871751,-72.344191
11.545482,60.840842,-72.249206
11.251172,60.809143,-72.154582
11.058174,60.776638,-72.060329
10.771877,60.743291,-71.966398
10.604104,60.709092,-71.872816
10.455961,60.674033,-71.779606
10.499140,60.638110,-71.686782
10.473572,60.601312,-71.594316
10.544105,60.563644,-71.502214
10.670758,60.525112,-71.410480
10.865971,60.485727,-71.319109
11.144723,60.445506,-71.228097
11.522046,60.404469,-71.137432
12.052493,60.362638,-71.047096
12.663912,60.320044,-70.957072
13.491787,60.276730,-70.867353
14.660388,60.232744,-70.777931
16.252353,60.188136,-70.688778
18.139355,60.142964,-70.599865
20.133919,60.097284,-70.511168
22.634551,60.051150,-70.422669
25.369995,60.004604,-70.334335
28.452488,59.957683,-70.246134
31.520666,59.910422,-70.158045
35.152828,59.862866,-70.070079
38.801861,59.815032,-69.982199
42.287177,59.766930,-69.894368
45.990890,59.718571,-69.806562
47.362342,59.670005,-69.718840
46.585198,59.621222,-69.631166
42.659907,59.572196,-69.543508
40.448379,59.522890,-69.455831
35.694012,59.473342,-69.368240
30.963241,59.423514,-69.280736
27.257116,59.373343,-69.193295
24.710764,59.322767,-69.105895
23.792170,59.271770,-69.018585
21.431367,59.220392,-68.931486
19.800108,59.168584,-68.844595
18.193936,59.116298,-68.757915
17.151830,59.063489,-68.671454
16.136813,59.010151,-68.585279
14.966839,58.956275,-68.499447
14.111273,58.901818,-68.413978
13.529953,58.846751,-68.328902
13.141208,58.791058,-68.244253
12.936206,58.734727,-68.160052
12.921259,58.677765,-68.076330
13.110040,58.620188,-67.993110
13.400656,58.562021,-67.910407
13.644074,58.503315,-67.828262
14.216025,58.444066,-67.746635
15.442683,58.384320,-67.665531
16.170049,58.324109,-67.584910
17.397469,58.263515,-67.504816
18.123117,58.202623,-67.425290
20.853429,58.141396,-67.346221
22.715361,58.079837,-67.267517
25.307077,58.018017,-67.189188
27.620216,57.956020,-67.111271
30.256121,57.893881,-67.033752
33.568510,57.831589,-66.956560
34.551088,57.769088,-66.879584
35.416774,57.706409,-66.802839
35.294221,57.643567,-66.726335
34.771432,57.580569,-66.650078
33.569631,57.517366,-66.574018
31.223388,57.453904,-66.498103
30.439569,57.390146,-66.422322
28.953441,57.326131,-66.346737
27.812504,57.261831,-66.271340
26.800619,57.197216,-66.196118
26.273180,57.132251,-66.121051
26.098863,57.066928,-66.046144
25.578953,57.001260,-65.971419
24.788244,56.935204,-65.896841
24.331242,56.868790,-65.822463
24.654203,56.802000,-65.748274
25.002566,56.734828,-65.674266
26.153791,56.667256,-65.600411
25.984608,56.599270,-65.526677
28.070522,56.530989,-65.453186
30.344865,56.462411,-65.379904
34.117268,56.393539,-65.306792
38.767343,56.324395,-65.233823
45.612507,56.255046,-65.161015
56.405301,56.185556,-65.088380
73.524010,56.115944,-65.015876
104.236068,56.046227,-64.943462
177.594776,55.976441,-64.871117
563.943989,55.906622,-64.798819
-514.352046,55.836809,-64.726554
-176.042654,55.767051,-64.654317
-110.458370,55.697391,-64.582100
-88.472827,55.627787,-64.509813
-77.252140,55.558252,-64.437435
-73.083057,55.488810,-64.364967
-71.175268,55.419518,-64.292459
-74.620664,55.350338,-64.219864
-80.654439,55.281201,-64.147120
-93.673553,55.212080,-64.074215
-115.263996,55.142999,-64.001194
-169.680805,55.073984,-63.928118
-297.130203,55.004960,-63.854945
-1524.900699,54.935875,-63.781657
609.881112,54.866685,-63.708249
258.647628,54.797419,-63.634782
151.000747,54.728104,-63.561324
106.921545,54.658711,-63.487881
81.529551,54.589200,-63.414453
67.863447,54.519536,-63.341044
60.678373,54.449703,-63.267676
55.237013,54.379729,-63.194405
52.458161,54.309624,-63.121263
51.155778,54.239386,-63.048264
51.305446,54.169023,-62.975423
52.625684,54.098550,-62.902755
56.051058,54.027952,-62.830235
61.590869,53.957263,-62.757883
70.959390,53.886531,-62.685724
86.673170,53.815815,-62.613784
131.126866,53.745167,-62.542078
223.144608,53.674510,-62.470473
832.937678,53.603897,-62.398979
-485.108135,53.533407,-62.327625
-188.000862,53.463115,-62.256443
-105.503102,53.393037,-62.185400
-81.298556,53.323081,-62.114350
-68.382723,53.253294,-62.043298
-60.917560,53.183731,-61.972270
-57.561352,53.114434,-61.901284
-56.256875,53.045363,-61.830285
-57.290230,52.976431,-61.759182
-60.454680,52.907643,-61.687983
-66.545775,52.838994,-61.616696
-78.059279,52.770466,-61.545325
-101.059195,52.702033,-61.473872
-150.117627,52.633650,-61.402333
-362.528529,52.565268,-61.330702
610.630109,52.496828,-61.258971
192.518261,52.428261,-61.187130
118.636799,52.359578,-61.115240
81.160549,52.290802,-61.043375
62.996805,52.221867,-60.971520
50.997305,52.152706,-60.899658
44.797287,52.083253,-60.827772
39.273247,52.013500,-60.755899
35.112686,51.943523,-60.684161
32.560441,51.873280,-60.612560
30.766938,51.802720,-60.541076
30.174496,51.731798,-60.469691
29.000812,51.660502,-60.398409
28.840754,51.588933,-60.327346
29.168531,51.517089,-60.256507
29.988235,51.444961,-60.185877
31.506842,51.372550,-60.115444
33.099599,51.299869,-60.045200
36.394425,51.226975,-59.975178
40.695657,51.153898,-59.905368
46.208573,51.080673,-59.835764
54.068998,51.007342,-59.766363
66.232008,50.933931,-59.697145
82.822490,50.860433,-59.628057
113.398814,50.786897,-59.559101
171.254156,50.713377,-59.490283
323.184491,50.639925,-59.421611
806.905209,50.566512,-59.353020
17892.973391,50.493118,-59.284466
-1557.003627,50.419771,-59.215957
-1202.756360,50.346493,-59.147505
-2341.685447,50.273301,-59.079123
1845.839461,50.200140,-59.010766
517.922711,50.126982,-58.942419
259.672764,50.053830,-58.874107
160.181773,49.980674,-58.805845
108.763215,49.907499,-58.737650
79.437122,49.834257,-58.669521
62.368412,49.760907,-58.601463
50.577235,49.687447,-58.533523
42.693147,49.613845,-58.465721
37.049985,49.540064,-58.398074
32.499921,49.466070,-58.330598
29.816071,49.391824,-58.263308
26.984235,49.317344,-58.196263
25.122996,49.242595,-58.129475
23.798794,49.167548,-58.062955
22.648213,49.092176,-57.996713
22.102093,49.016487,-57.930782
21.708213,48.940485,-57.865182
21.495312,48.864173,-57.799927
21.525820,48.787544,-57.735018
21.722890,48.710598,-57.670454
22.178158,48.633345,-57.606237
22.906156,48.555797,-57.542366
23.920157,48.477972,-57.478836
25.291492,48.399888,-57.415639
27.262735,48.321570,-57.352763
29.913165,48.243036,-57.290189
33.090228,48.164312,-57.227893
37.367412,48.085417,-57.165850
43.103490,48.006381,-57.104039
51.613738,47.927243,-57.042444
65.349068,47.848029,-56.981036
83.592049,47.768749,-56.919772
113.658659,47.689432,-56.858632
166.757662,47.610095,-56.797590
282.281780,47.530771,-56.736633
825.650564,47.451487,-56.675752
-1926.634989,47.372214,-56.614895
-484.125630,47.292972,-56.554056
-308.923552,47.213763,-56.493218
-242.656241,47.134600,-56.432376
-214.254260,47.055497,-56.371528
-204.354658,46.976444,-56.310659
-206.943169,46.897433,-56.249764
-224.616305,46.818462,-56.188838
-265.764639,46.739525,-56.127884
-360.358247,46.660618,-56.066906
-655.349961,46.581736,-56.005913
-34244.091903,46.502866,-55.944911
575.991602,46.423995,-55.883908
266.588514,46.345104,-55.822913
166.708827,46.266176,-55.761936
122.447166,46.187191,-55.700990
96.760691,46.108144,-55.640100
80.745701,46.029021,-55.579280
69.260186,45.949811,-55.518549
60.873760,45.870494,-55.457917
54.462457,45.791048,-55.397393
49.182506,45.711462,-55.336993
45.327585,45.631731,-55.276737
42.035411,45.551853,-55.216645
39.187802,45.471815,-55.156732
36.854721,45.391597,-55.097002
34.692472,45.311180,-55.037463
32.977961,45.230561,-54.978133
31.740937,45.149730,-54.919024
30.356008,45.068702,-54.860162
29.261302,44.987456,-54.801551
28.298774,44.905974,-54.743193
27.381452,44.824247,-54.685095
27.008809,44.742262,-54.627264
26.412427,44.660048,-54.569729
25.881112,44.577601,-54.512495
25.408998,44.494908,-54.455565
24.960365,44.411958,-54.398939
24.617838,44.328741,-54.342621
24.498901,44.245264,-54.286621
24.141274,44.161553,-54.230963
23.866444,44.077602,-54.175647
23.698726,43.993403,-54.120674
23.435656,43.908939,-54.066039
23.440446,43.824204,-54.011742
23.335464,43.739228,-53.957804
23.169318,43.654026,-53.904237
23.136773,43.568593,-53.851041
23.111138,43.482913,-53.798207
22.958726,43.396974,-53.745729
23.239712,43.310775,-53.693608
23.230603,43.224368,-53.641873
23.393302,43.137759,-53.590525
23.785976,43.050942,-53.539556
24.022601,42.963891,-53.488945
24.372014,42.876615,-53.438691
24.947378,42.789130,-53.388796
25.299188,42.701478,-53.339275
26.144081,42.613670,-53.290124
26.772829,42.525676,-53.241313
27.512732,42.437498,-53.192832
28.377596,42.349149,-53.144677
29.384498,42.260650,-53.096847
30.526498,42.172029,-53.049341
32.146676,42.083286,-53.002145
33.557543,41.994402,-52.955231
35.343635,41.905394,-52.908591
37.403155,41.816281,-52.862218
39.743362,41.727082,-52.816105
43.131536,41.637814,-52.770240
46.901127,41.548464,-52.724596
51.297128,41.459038,-52.679154
56.116664,41.369559,-52.633906
61.301409,41.280048,-52.588842
66.633407,41.190511,-52.543949
73.466961,41.100958,-52.499215
78.005426,41.011355,-52.454611
82.049428,40.921717,-52.410132
84.591813,40.832055,-52.365779
85.239584,40.742379,-52.321551
84.247182,40.652687,-52.277446
82.077002,40.562972,-52.233462
77.811963,40.473208,-52.189590
72.816912,40.383394,-52.145838
67.218967,40.293531,-52.102214
61.588236,40.203614,-52.058729
55.997987,40.113641,-52.015398
50.765725,40.023598,-51.972231
45.863815,39.933465,-51.929239
41.433997,39.843229,-51.886439
37.439266,39.752873,-51.843850
34.138176,39.662389,-51.801494
30.886554,39.571776,-51.759402
28.243315,39.481017,-51.717599
26.102584,39.390092,-51.676109
24.282436,39.298978,-51.634952
22.868368,39.207648,-51.594150
21.909683,39.116099,-51.553729
20.893719,39.024340,-51.513715
20.166864,38.932364,-51.474129
19.641454,38.840159,-51.434985
19.225584,38.747704,-51.396290
19.083310,38.654980,-51.358049
19.108774,38.562005,-51.320273
18.987113,38.468804,-51.282976
19.082527,38.375375,-51.246159
19.293660,38.281707,-51.209815
19.606845,38.187787,-51.173935
20.171775,38.093602,-51.138505
20.955493,37.999182,-51.103522
21.708250,37.904577,-51.068988
22.708845,37.809775,-51.034879
23.969355,37.714771,-51.001172
25.569859,37.619558,-50.967840
27.622621,37.524135,-50.934857
30.489959,37.428519,-50.902197
33.722505,37.332796,-50.869855
37.664778,37.236949,-50.837790
42.462375,37.140983,-50.805972
48.079750,37.044906,-50.774372
54.572655,36.948727,-50.742962
62.884500,36.852457,-50.711720
72.704962,36.756151,-50.680639
83.072030,36.659804,-50.649693
95.376220,36.563433,-50.618868
109.112092,36.467054,-50.588155
123.747746,36.370688,-50.557544
139.991567,36.274354,-50.527030
154.965845,36.178039,-50.496600
164.844696,36.081724,-50.466238
170.318547,35.985432,-50.435950
169.626012,35.889192,-50.405740
162.473005,35.793030,-50.375619
152.314909,35.696977,-50.345597
135.435250,35.601024,-50.315676
119.937165,35.505087,-50.285839
105.375253,35.409184,-50.256101
91.967091,35.313349,-50.226484
79.890695,35.217620,-50.197015
69.905384,35.122038,-50.167723
62.227430,35.026620,-50.138629
55.035857,34.931257,-50.109720
51.206449,34.835895,-50.080998
47.822464,34.740568,-50.052489
45.254181,34.645311,-50.024216
43.036185,34.550153,-49.996199
41.832906,34.455125,-49.968458
39.476056,34.360157,-49.940979
38.942640,34.265146,-49.913743
38.325161,34.170114,-49.886762
38.034597,34.075084,-49.860045
38.015181,33.980076,-49.833600
38.102503,33.885107,-49.807431
38.032065,33.790154,-49.781531
39.089341,33.695145,-49.755878
40.305141,33.600092,-49.730470
41.993780,33.505006,-49.705300
44.266663,33.409894,-49.680362
47.107844,33.314763,-49.655644
50.128782,33.219558,-49.631120
55.655670,33.124298,-49.606778
62.770289,33.028999,-49.582606
71.381084,32.933658,-49.558583
82.350986,32.838271,-49.534688
95.905914,32.742829,-49.510900
109.518149,32.647246,-49.487182
121.767014,32.551569,-49.463533
139.206488,32.455877,-49.439962
152.866850,32.360157,-49.416456
162.116924,32.264397,-49.393007
163.783214,32.168551,-49.369599
157.899418,32.072579,-49.346222
144.024451,31.976499,-49.322883
130.456724,31.880408,-49.299611
114.643320,31.784289,-49.276410
98.052171,31.688118,-49.253285
84.336705,31.591845,-49.230239
72.201845,31.495450,-49.207284
61.741083,31.398951,-49.184444
53.278293,31.302411,-49.161759
45.898746,31.205809,-49.139250
40.179930,31.109112,-49.116939
35.973425,31.012293,-49.094851
32.477997,30.915332,-49.073013
29.664031,30.818267,-49.051463
27.406660,30.721120,-49.030236
25.617061,30.623874,-49.009356
24.280528,30.526512,-48.988846
23.383617,30.429020,-48.968725
22.354571,30.331389,-48.949008
21.928289,30.233683,-48.929728
21.518809,30.135891,-48.910891
21.429707,30.037992,-48.892502
21.526661,29.939981,-48.874563
21.643416,29.841859,-48.857073
22.006473,29.743657,-48.840033
22.521276,29.645405,-48.823442
23.432265,29.547069,-48.807284
24.637349,29.448653,-48.791541
26.244415,29.350167,-48.776194
28.143431,29.251630,-48.761223
30.754032,29.153086,-48.746606
34.052468,29.054509,-48.732311
38.426978,28.955889,-48.718303
44.281559,28.857243,-48.704552
52.417858,28.758584,-48.691026
64.435259,28.659938,-48.677692
81.676583,28.561295,-48.664514
108.285215,28.462640,-48.651457
153.967181,28.363983,-48.638493
248.246442,28.265328,-48.625594
549.055347,28.166681,-48.612737
-7921.608311,28.068037,-48.599899
-559.554994,27.969387,-48.587059
-314.440990,27.870725,-48.574201
-232.693087,27.772045,-48.561308
-193.977865,27.673339,-48.548370
-174.771997,27.574622,-48.535380
-165.613694,27.475893,-48.522331
-164.756503,27.377135,-48.509218
-169.117074,27.278328,-48.496038
-174.938592,27.179452,-48.482789
-189.221941,27.080538,-48.469479
-212.200893,26.981612,-48.456114
-250.549368,26.882658,-48.442698
-325.257614,26.783660,-48.429236
-435.198733,26.684605,-48.415735
-627.181847,26.585524,-48.402208
-1010.691116,26.486436,-48.388663
-1944.587912,26.387335,-48.375106
-6300.924647,26.288224,-48.361543
14625.634362,26.189105,-48.347976
5312.634462,26.090011,-48.334414
5979.423326,25.990924,-48.320854
41523.004439,25.891855,-48.307298
-3863.755694,25.792824,-48.293747
-1583.206242,25.693856,-48.280202
-786.939864,25.594983,-48.266663
-504.227632,25.496143,-48.253116
-372.452685,25.397355,-48.239556
-293.785969,25.298657,-48.225982
-249.296676,25.200086,-48.212391
-200.275347,25.101670,-48.198781
-178.400301,25.003291,-48.185127
-159.321593,24.904974,-48.171426
-147.167219,24.806757,-48.157676
-139.601426,24.708669,-48.143878
-133.662608,24.610705,-48.130026
-134.021476,24.512767,-48.116104
-136.537149,24.414872,-48.102115
-142.831967,24.317032,-48.088062
-152.763503,24.219256,-48.073949
-170.061806,24.121514,-48.059777
-199.164625,24.023780,-48.045549
-250.203393,23.926049,-48.031271
-360.903923,23.828307,-48.016954
-657.455490,23.730537,-48.002604
-1707.374366,23.632717,-47.988232
2957.029302,23.534884,-47.973852
927.582413,23.437022,-47.959471
596.252703,23.339112,-47.945093
468.034215,23.241129,-47.930721
422.410460,23.143050,-47.916355
388.409126,23.044959,-47.902011
407.556265,22.946853,-47.887691
483.409692,22.848717,-47.873389
793.740834,22.750480,-47.859093
3027.755557,22.652138,-47.844794
-982.275831,22.553829,-47.830503
-358.261561,22.455565,-47.816207
-199.488260,22.357296,-47.801881
-134.390201,22.258987,-47.787500
-97.943950,22.160679,-47.773044
-76.849852,22.062482,-47.758502
-59.712174,21.964391,-47.743846
-51.435759,21.866313,-47.729026
-44.447713,21.768278,-47.714019
-39.876495,21.670349,-47.698805
-34.103801,21.572573,-47.683363
-31.364524,21.474855,-47.667643
-28.597168,21.377227,-47.651620
-26.761896,21.279721,-47.635271
-24.546046,21.182367,-47.618577
-23.610645,21.085098,-47.601497
-22.762437,20.987932,-47.584016
-22.271566,20.890881,-47.566122
-21.682903,20.793955,-47.547806
-21.690838,20.697111,-47.529051
-21.780423,20.600343,-47.509854
-22.211601,20.503648,-47.490217
-22.324069,20.407013,-47.470143
-23.256225,20.310462,-47.449644
-24.332568,20.213988,-47.428733
-25.919577,20.117582,-47.407428
-27.475721,20.021213,-47.385745
-30.005857,19.924884,-47.363709
-34.078796,19.828634,-47.341358
-39.844809,19.732449,-47.318728
-48.436701,19.636261,-47.295847
-59.030316,19.540042,-47.272749
-82.859115,19.443909,-47.249503
-141.419962,19.347859,-47.226156
-350.493151,19.251772,-47.202727
-3287.141847,19.155635,-47.179255
456.799872,19.059575,-47.155799
276.261370,18.963549,-47.132371
272.681741,18.867468,-47.108964
371.985263,18.771325,-47.085576
1348.635495,18.675197,-47.062218
-419.083880,18.579043,-47.038859
-150.226432,18.482840,-47.015463
-85.206078,18.386569,-46.991981
-56.377007,18.290286,-46.968376
-40.551101,18.194001,-46.944589
-29.917659,18.097677,-46.920538
-26.622889,18.001277,-46.896137
-22.693066,17.904957,-46.871369
-20.330146,17.808681,-46.846163
-18.803283,17.712420,-46.820459
-17.961998,17.616209,-46.794224
-16.911039,17.520139,-46.767452
-16.259638,17.424189,-46.740104
-15.721987,17.328339,-46.712148
-15.320101,17.232637,-46.683575
-15.065451,17.137118,-46.654378
-15.160482,17.041770,-46.624543
-14.524621,16.946582,-46.594062
-14.904166,16.851592,-46.562930
-15.483544,16.756810,-46.531163
-16.083949,16.662241,-46.498786
-16.368615,16.567898,-46.465827
-17.690430,16.473748,-46.432296
-19.157022,16.379809,-46.398241
-20.841324,16.286103,-46.363716
-23.543666,16.192581,-46.328751
-27.125868,16.099239,-46.293402
-33.016749,16.006108,-46.257742
-42.936105,15.913159,-46.221830
-60.021891,15.820336,-46.185719
-102.074238,15.727676,-46.149495
-341.171218,15.635219,-46.113245
1011.514537,15.542797,-46.076974
227.990511,15.450436,-46.040736
150.020603,15.358165,-46.004577
131.785669,15.265951,-45.968509
130.649744,15.173746,-45.932522
150.252802,15.081582,-45.896630
224.028193,14.989450,-45.860818
717.337532,14.897341,-45.825061
-351.814986,14.805290,-45.789338
-112.492418,14.713287,-45.753602
-67.425387,14.621300,-45.717778
-43.577023,14.529451,-45.681850
-30.104370,14.437746,-45.645735
-24.470582,14.346114,-45.609306
-19.924135,14.254639,-45.572510
-16.485826,14.163433,-45.535294
-14.729272,14.072446,-45.497537
-12.790355,13.981717,-45.459169
-11.442724,13.891321,-45.420121
-10.572668,13.801291,-45.380311
-9.644534,13.711657,-45.339672
-8.953154,13.622438,-45.298120
-8.474452,13.533710,-45.255606
-8.158002,13.445493,-45.212075
-7.895617,13.357815,-45.167488
-7.778259,13.270736,-45.121835
-7.747508,13.184268,-45.075102
-7.823165,13.098415,-45.027289
-7.907668,13.013203,-44.978421
-8.249745,12.928593,-44.928498
-8.604322,12.844567,-44.877560
-9.096726,12.761128,-44.825669
-9.918843,12.678220,-44.772862
-10.325109,12.595818,-44.719213
-10.580824,12.513871,-44.664738
-11.013736,12.432412,-44.609491
-10.835844,12.351406,-44.553477
-10.396448,12.270826,-44.496662
-9.783155,12.190812,-44.439100
-9.011509,12.111310,-44.380675
-7.875648,12.032446,-44.321363
-7.237679,11.954352,-44.261094
-6.785866,11.877078,-44.199764
-6.536656,11.800727,-44.137344
-6.494010,11.725342,-44.073802
-6.735273,11.650905,-44.009115
-6.847141,11.577444,-43.943356
-7.724954,11.504861,-43.876507
-8.184588,11.433147,-43.808724
-9.298004,11.362146,-43.739991
-10.126092,11.291804,-43.670418
-10.546559,11.222087,-43.600090
-11.280258,11.152919,-43.528998
-11.133225,11.084341,-43.457243
-11.024447,11.016368,-43.384840
-10.599564,10.949000,-43.311767
-9.780803,10.882279,-43.238009
-9.230033,10.816319,-43.163589
-8.499601,10.751111,-43.088392
-8.209991,10.686792,-43.012454
-7.776006,10.623433,-42.935779
-7.585826,10.560990,-42.858220
-7.584003,10.499587,-42.779879
-7.519939,10.439147,-42.700642
-7.921885,10.379740,-42.620602
-8.389721,10.321306,-42.539769
-8.998311,10.263808,-42.458207
-9.442074,10.207214,-42.375999
-9.395278,10.151502,-42.293195
-9.498370,10.096688,-42.209833
-8.786877,10.042842,-42.126011
-8.200076,9.990002,-42.041669
-7.449756,9.938327,-41.956907
-6.560334,9.887866,-41.871584
-5.984773,9.838824,-41.785743
-5.550253,9.791308,-41.699296
-5.159213,9.745410,-41.612159
-5.039419,9.701255,-41.524342
-4.901363,9.658831,-41.435694
-4.859428,9.618186,-41.346212
-4.848372,9.579327,-41.255856
-5.123633,9.542226,-41.164568
-5.125598,9.506824,-41.072363
-5.572303,9.473081,-40.979215
-6.110805,9.440890,-40.885155
-6.189954,9.410128,-40.790172
-7.184857,9.380757,-40.694337
-7.350609,9.352669,-40.597789
-8.046632,9.325830,-40.500646
-8.654397,9.300152,-40.402929
-9.130301,9.275594,-40.304807
-9.648968,9.252112,-40.206370
-10.005156,9.229668,-40.107688
-10.116770,9.208233,-40.008816
-10.500743,9.187809,-39.909860
-9.914151,9.168376,-39.810829
-10.019872,9.149961,-39.711719
-9.887322,9.132574,-39.612579
-9.674645,9.116228,-39.513447
-10.042718,9.100916,-39.414245
-10.282247,9.086615,-39.315019
-10.797015,9.073292,-39.215754
-11.472224,9.060896,-39.116434
-12.339817,9.049376,-39.017102
-13.454412,9.038667,-38.917733
-15.006224,9.028698,-38.818336
-16.787179,9.019399,-38.718944
-16.865451,9.010705,-38.619523
-17.021407,9.002605,-38.520138
-16.039592,8.995100,-38.420777
-14.158875,8.988226,-38.321466
-13.727321,8.982052,-38.222310
-12.388765,8.976607,-38.123149
-11.172820,8.971963,-38.024049
-10.280826,8.968202,-37.925048
-9.298043,8.965400,-37.826054
-8.471182,8.963654,-37.727147
-8.086255,8.963056,-37.628261
-8.002561,8.963659,-37.529422
-8.075782,8.965479,-37.430607
-8.400783,8.968505,-37.331751
-9.200967,8.972685,-37.232932
-10.072414,8.977935,-37.134073
-11.222279,8.984163,-37.035144
-13.248876,8.991263,-36.936227
-14.847659,8.999120,-36.837263
-16.539068,9.007650,-36.738248
-17.044608,9.016785,-36.639271
-16.514589,9.026504,-36.540339
-15.074298,9.036822,-36.441494
-13.312844,9.047788,-36.342790
-11.648221,9.059475,-36.244312
-10.543267,9.071990,-36.145998
-9.553829,9.085404,-36.047983
-8.650118,9.099814,-35.950251
-8.202382,9.115312,-35.852798
-7.524909,9.131965,-35.755680
-7.465556,9.149870,-35.658801
-7.301020,9.169054,-35.562170
-7.431875,9.189549,-35.465725
-8.157436,9.211332,-35.369454
-8.378065,9.234334,-35.273283
-9.531237,9.258504,-35.177182
-9.286598,9.283723,-35.081254
-9.986470,9.310009,-34.985384
-9.390134,9.337273,-34.889772
-9.019461,9.365570,-34.794373
-8.465051,9.394932,-34.699258
-7.412799,9.425419,-34.604524
-6.957631,9.457177,-34.510159
-6.118747,9.490273,-34.416335
-5.817949,9.524858,-34.323093
-5.678887,9.561045,-34.230408
-5.520952,9.598855,-34.138360
-5.540848,9.638342,-34.046934
-5.774520,9.679500,-33.956133
-5.833111,9.722301,-33.865906
-6.400707,9.766678,-33.776305
-6.972014,9.812562,-33.687200
-7.918606,9.859816,-33.598574
-9.511279,9.908263,-33.510411
-10.852251,9.957771,-33.422562
-13.216653,10.008117,-33.335123
-14.493318,10.059166,-33.248041
-15.487109,10.110831,-33.161305
-15.421599,10.163039,-33.074960
-13.351145,10.215790,-32.989022
-12.476611,10.269099,-32.903613
-10.463789,10.323103,-32.818655
-9.585249,10.377816,-32.734363
-8.073102,10.433440,-32.650636
-7.756028,10.490065,-32.567619
-7.213462,10.547705,-32.485434
-7.021725,10.606478,-32.404050
-7.412244,10.666327,-32.323590
-7.305490,10.727224,-32.244019
-7.530066,10.789152,-32.165341
-7.983380,10.852061,-32.087559
-7.991151,10.915890,-32.010650
-8.171351,10.980630,-31.934591
-8.623090,11.046284,-31.859331
-8.760107,11.112783,-31.784874
-8.878681,11.180135,-31.711172
-8.936595,11.248353,-31.638189
-8.839625,11.317432,-31.565927
-8.270845,11.387435,-31.494354
-8.101139,11.458399,-31.423523
-8.086668,11.530381,-31.353430
-7.903536,11.603400,-31.284082
-8.240155,11.677431,-31.215528
-8.636479,11.752468,-31.147731
-9.289765,11.828416,-31.080704
-10.244962,11.905195,-31.014416
-12.136847,11.982699,-30.948819
-14.473717,12.060809,-30.883826
-19.345406,12.139340,-30.819402
-28.008218,12.218134,-30.755453
-38.214285,12.297144,-30.691818
-56.988593,12.376186,-30.628503
-79.949222,12.455214,-30.565438
-103.074524,12.534250,-30.502534
-111.333666,12.613217,-30.439816
-93.881514,12.692121,-30.377269
-77.234185,12.771011,-30.314873
-53.576876,12.849837,-30.252701
-39.925799,12.928665,-30.190768
-30.742028,13.007568,-30.129098
-23.919873,13.086524,-30.067803
-19.743665,13.165587,-30.006951
-17.454526,13.244880,-29.946553
-15.681433,13.324398,-29.886696
-14.010328,13.404160,-29.827447
-13.235981,13.484292,-29.768794
-12.464880,13.564838,-29.710762
-12.047822,13.645826,-29.653381
-11.828690,13.727252,-29.596689
-11.458913,13.809215,-29.540642
-11.836005,13.891775,-29.485219
-11.912959,13.974818,-29.430483
-12.090928,14.058409,-29.376381
-12.625939,14.142648,-29.322836
-13.250836,14.227450,-29.269870
-13.652130,14.312694,-29.217520
-13.961847,14.398456,-29.165716
-14.873221,14.484778,-29.114411
-15.369704,14.571531,-29.063644
-15.927734,14.658681,-29.013407
-16.608886,14.746234,-28.963670
-17.730524,14.834214,-28.914394
-18.139278,14.922578,-28.865565
-19.325644,15.011245,-28.817206
-20.771974,15.100219,-28.769282
-21.798984,15.189511,-28.721748
-23.032245,15.279108,-28.674585
-24.966080,15.368916,-28.627811
-26.938197,15.458919,-28.581400
-27.264948,15.549067,-28.535346
-29.271548,15.639370,-28.489632
-30.423850,15.729784,-28.444255
-31.732502,15.820253,-28.399227
-31.537544,15.910772,-28.354535
-31.313797,16.001339,-28.310180
-31.692395,16.091868,-28.266203
-30.430292,16.182448,-28.222559
-28.700231,16.273032,-28.179281
-27.891637,16.363538,-28.136428
-27.284463,16.454039,-28.093973
-26.343167,16.544656,-28.051869
-24.875993,16.635311,-28.010165
-24.255646,16.725978,-27.968894
-22.820081,16.816816,-27.927997
-21.868455,16.907864,-27.887482
-20.318876,16.999060,-27.847401
-19.183664,17.090438,-27.807772
-18.100226,17.182107,-27.768581
-17.315039,17.274074,-27.729861
-16.262971,17.366317,-27.691650
-15.119308,17.458918,-27.653958
-14.562766,17.551914,-27.616817
-14.115340,17.645307,-27.580260
-13.447695,17.739092,-27.544319
-12.458658,17.833369,-27.509000
-12.098343,17.928098,-27.474377
-12.219909,18.023289,-27.440476
-11.861990,18.118854,-27.407337
-11.639166,18.214840,-27.374964
-11.510928,18.311229,-27.343387
-12.036099,18.408070,-27.312597
-12.031932,18.505220,-27.282615
-12.199027,18.602671,-27.253439
-12.453343,18.700425,-27.225057
-12.769782,18.798487,-27.197453
-13.495791,18.896822,-27.170612
-13.982126,18.995370,-27.144515
-14.795215,19.094112,-27.119133
-15.861973,19.193018,-27.094432
-17.877299,19.292068,-27.070367
-19.876381,19.391276,-27.046864
-22.907289,19.490565,-27.023877
-27.837564,19.589871,-27.001349
-35.728779,19.689187,-26.979199
-46.112609,19.788534,-26.957343
-65.342318,19.887845,-26.935724
-121.805737,19.987042,-26.914290
-664.335057,20.086140,-26.892965
255.787013,20.185166,-26.871673
100.826849,20.284034,-26.850373
66.135895,20.382693,-26.829016
53.500303,20.481141,-26.807551
47.175101,20.579470,-26.785919
44.180086,20.677613,-26.764111
41.880523,20.775508,-26.742124
45.197304,20.873166,-26.719950
48.461274,20.970711,-26.697574
55.582502,21.068115,-26.675020
69.055240,21.165331,-26.652328
106.155959,21.262360,-26.629533
267.961846,21.359265,-26.606673
-721.215522,21.456099,-26.583791
-152.693256,21.552836,-26.560946
-76.273013,21.649452,-26.538198
-52.501722,21.746023,-26.515592
-39.890548,21.842577,-26.493182
-32.149545,21.939130,-26.471025
-26.869600,22.035675,-26.449183
-23.395058,22.132246,-26.427708
-21.354355,22.228886,-26.406643
-19.864889,22.325591,-26.386032
-18.922945,22.422360,-26.365908
-18.105917,22.519201,-26.346297
-17.899888,22.616163,-26.327208
-17.721027,22.713252,-26.308650
-17.998338,22.810443,-26.290632
-18.367149,22.907740,-26.273146
-18.801101,23.005168,-26.256177
-19.410819,23.102746,-26.239711
-19.568954,23.200485,-26.223731
-20.383411,23.298333,-26.208238
-21.143065,23.396308,-26.193214
-22.145743,23.494429,-26.178638
-23.070175,23.592721,-26.164486
-24.061330,23.691171,-26.150745
-25.509459,23.789735,-26.137401
-26.303804,23.888416,-26.124436
-26.989363,23.987249,-26.111831
-26.411287,24.086267,-26.099577
-26.557061,24.185413,-26.087686
-25.745493,24.284638,-26.076166
-24.706748,24.383979,-26.065024
-23.498571,24.483470,-26.054274
-22.805662,24.583113,-26.043935
-22.242286,24.682838,-26.034030
-21.504653,24.782630,-26.024572
-20.917824,24.882502,-26.015577
-20.223072,24.982457,-26.007058
-19.718646,25.082451,-25.999034
-19.187657,25.182477,-25.991519
-18.655242,25.282522,-25.984529
-18.304734,25.382567,-25.978078
-17.989303,25.482574,-25.972179
-18.063798,25.582569,-25.966838
-18.469865,25.682548,-25.962051
-19.153313,25.782463,-25.957808
-20.093903,25.882262,-25.954091
-21.219937,25.981940,-25.950874
-23.423542,26.081578,-25.948124
-25.738187,26.181094,-25.945801
-28.746704,26.280424,-25.943867
-31.948589,26.379554,-25.942280
-36.303128,26.478647,-25.941000
-41.069267,26.577643,-25.939993
-48.695332,26.676493,-25.939224
-56.154665,26.775245,-25.938659
-65.843260,26.873967,-25.938267
-74.372568,26.972635,-25.938025
-79.870927,27.071238,-25.937915
-78.466712,27.169820,-25.937929
-71.707024,27.268426,-25.938068
-61.197636,27.367095,-25.938345
-53.871310,27.465883,-25.938781
-47.357175,27.564729,-25.939400
-41.888152,27.663642,-25.940226
-36.911168,27.762684,-25.941288
-35.114631,27.861916,-25.942615
-32.209100,27.961261,-25.944227
-29.433352,28.060661,-25.946147
-26.986373,28.160135,-25.948406
-25.200795,28.259734,-25.951034
-23.502620,28.359473,-25.954061
-21.333739,28.459326,-25.957518
-19.939385,28.559192,-25.961443
-18.794335,28.659122,-25.965872
-18.115414,28.759175,-25.970839
-16.846943,28.859377,-25.976373
-16.692327,28.959510,-25.982495
-16.424767,29.059574,-25.989217
-16.007732,29.159594,-25.996552
-15.755015,29.259637,-26.004517
-15.939257,29.359581,-26.013113
-16.098758,29.459398,-26.022331
-16.239577,29.559078,-26.032162
-16.770932,29.658679,-26.042604
-17.326842,29.758167,-26.053635
-17.874573,29.857486,-26.065228
-19.216413,29.956590,-26.077355
-20.162628,30.055571,-26.089991
-20.942801,30.154439,-26.103111
-21.631998,30.253161,-26.116691
-23.069662,30.351692,-26.130705
-23.818051,30.450135,-26.145142
-24.447171,30.548541,-26.159995
-25.289664,30.646914,-26.175252
-26.193334,30.745203,-26.190893
-26.834683,30.843417,-26.206905
-27.346553,30.941584,-26.223284
-27.835255,31.039707,-26.240023
-28.176300,31.137793,-26.257117
-28.326046,31.235825,-26.274560
-28.729832,31.333780,-26.292343
-28.528532,31.431659,-26.310465
-28.580623,31.529536,-26.328939
-27.981598,31.627400,-26.347766
-28.509991,31.725122,-26.366924
-27.535152,31.822675,-26.386406
-27.404375,31.920181,-26.406243
-26.492254,32.017606,-26.426435
-26.184641,32.114818,-26.446961
-24.241452,32.211803,-26.467829
-23.493528,32.308705,-26.489091
-22.392703,32.405471,-26.510753
-20.944121,32.502041,-26.532822
-19.644185,32.598451,-26.555335
-18.549904,32.694705,-26.578323
-17.452454,32.790802,-26.601817
-16.391055,32.886739,-26.625849
-15.382307,32.982489,-26.650450
-14.406534,33.078057,-26.675661
-14.177038,33.173515,-26.701539
-13.474840,33.268798,-26.728089
-12.947781,33.363925,-26.755349
-12.649104,33.458932,-26.783360
-12.587787,33.553798,-26.812137
-12.272110,33.648474,-26.841675
-12.070616,33.743010,-26.872010
-12.067131,33.837462,-26.903175
-11.995441,33.931730,-26.935145
-11.988516,34.025814,-26.967924
-12.098777,34.119785,-27.001543
-12.073938,34.213725,-27.036030
-12.220449,34.307458,-27.071323
-12.498091,34.401027,-27.107432
-12.891479,34.494510,-27.144372
-12.943873,34.587948,-27.182145
-13.610601,34.681140,-27.220658
-14.333763,34.774140,-27.259902
-14.915017,34.866993,-27.299859
-15.955653,34.959661,-27.340480
-17.189392,35.052094,-27.381698
-18.746511,35.144304,-27.423469
-20.763834,35.236296,-27.465740
-23.284135,35.328070,-27.508455
-26.374661,35.419607,-27.551544
-32.301037,35.510871,-27.594930
-38.464313,35.601952,-27.638582
-48.524125,35.692826,-27.682428
-66.220509,35.783500,-27.726410
-97.290921,35.873997,-27.770477
-141.002967,35.964371,-27.814603
-237.132967,36.054582,-27.858730
-487.872263,36.144661,-27.902841
-938.995437,36.234656,-27.946936
-1112.676605,36.324556,-27.990997
-665.165744,36.414317,-28.035002
-322.897141,36.503964,-28.078970
-177.421388,36.593540,-28.122939
-110.637080,36.682992,-28.166912
-71.228450,36.772285,-28.210908
-50.301646,36.861420,-28.254983
-37.641457,36.950408,-28.299206
-28.455623,37.039176,-28.343616
-23.216340,37.127705,-28.388291
-20.101976,37.215973,-28.433307
-17.941692,37.303971,-28.478730
-16.278839,37.391666,-28.524612
-15.185837,37.479055,-28.571010
-14.338988,37.566135,-28.617973
-13.883808,37.652914,-28.665547
-13.704967,37.739389,-28.713756
-13.503143,37.825548,-28.762609
-13.251651,37.911446,-28.812152
-13.793766,37.997105,-28.862406
-14.219532,38.082488,-28.913331
-15.157374,38.167636,-28.964922
-15.790096,38.252649,-29.017203
-17.308728,38.337558,-29.070157
-18.342302,38.422263,-29.123672
-19.805743,38.506808,-29.177732
-20.561369,38.591255,-29.232340
-22.473984,38.675593,-29.287459
-24.436807,38.759784,-29.343025
-26.777367,38.843844,-29.399004
-28.991325,38.927792,-29.455368
-33.312827,39.011604,-29.512062
-38.969780,39.095310,-29.569057
-46.037678,39.178932,-29.626314
-52.578784,39.262445,-29.683769
-56.927683,39.345819,-29.741369
-53.417305,39.429049,-29.799093
-47.722382,39.512163,-29.856973
-41.282631,39.595092,-29.914987
-36.510914,39.677765,-29.973125
-29.357953,39.760110,-30.031380
-25.342372,39.842167,-30.089853
-21.951466,39.923913,-30.148597
-19.223875,40.005253,-30.207616
-16.614642,40.086087,-30.266918
-14.803960,40.166462,-30.326631
-13.244108,40.246336,-30.386815
-11.896114,40.325603,-30.447485
-11.508918,40.404168,-30.508658
-10.982835,40.482139,-30.570461
-10.698615,40.559503,-30.632928
-10.448236,40.636228,-30.696065
-10.836944,40.712302,-30.759878
-11.017925,40.787778,-30.824381
-11.244544,40.862698,-30.889585
-11.564868,40.937089,-30.955491
-12.186195,41.010988,-31.022101
-12.914287,41.084392,-31.089358
-13.759855,41.157338,-31.157237
-14.919278,41.229889,-31.225735
-16.642770,41.302123,-31.294851
-18.415703,41.374077,-31.364535
-21.862722,41.445711,-31.434662
-26.123995,41.517131,-31.505227
-32.515208,41.588438,-31.576224
-39.137625,41.659728,-31.647650
-52.372056,41.730878,-31.719302
-73.920906,41.801955,-31.791159
-119.028938,41.873038,-31.863220
-234.314422,41.944198,-31.935485
-1490.863105,42.015414,-32.007871
417.226332,42.086644,-32.080282
211.727171,42.157924,-32.152710
157.185769,42.229279,-32.225146
137.819652,42.300732,-32.297590
133.137600,42.372251,-32.369996
139.000456,42.443800,-32.442322
166.869296,42.515355,-32.514552
206.415156,42.586934,-32.586717
274.512737,42.658515,-32.658813
416.421498,42.730066,-32.730826
1034.348811,42.801547,-32.802734
-2219.632866,42.872967,-32.874566
-544.857956,42.944306,-32.946324
-281.299344,43.015505,-33.017968
-188.591083,43.086567,-33.089525
-141.914879,43.157489,-33.161017
-113.454187,43.228265,-33.232464
-97.849791,43.298824,-33.303817
-77.900917,43.369099,-33.375031
-71.048503,43.439163,-33.446212
-63.637447,43.509075,-33.517438
-58.430774,43.578781,-33.588677
-53.148761,43.648230,-33.659896
-49.332049,43.717409,-33.731104
-47.677584,43.786363,-33.802364
-45.555721,43.855145,-33.873743
-44.194482,43.923735,-33.945234
-43.243055,43.992124,-34.016835
-42.946653,44.060301,-34.088542
-43.139375,44.128311,-34.160402
-43.168241,44.196200,-34.232467
-44.657681,44.263997,-34.304762
-46.016743,44.331666,-34.377244
-48.158062,44.399224,-34.449919
-51.705125,44.466707,-34.522814
-57.283568,44.534160,-34.595956
-66.108717,44.601613,-34.669352
-79.055248,44.669020,-34.742922
-97.220237,44.736443,-34.816695
-140.230108,44.803880,-34.890635
-273.889865,44.871378,-34.964747
-2880.416702,44.938973,-35.039019
293.090076,45.006679,-35.113418
150.594603,45.074564,-35.187965
92.761094,45.142557,-35.262526
68.968400,45.210720,-35.337112
55.036321,45.279076,-35.411689
44.866242,45.347641,-35.486218
37.783739,45.416429,-35.560650
32.446544,45.485448,-35.634932
28.821216,45.554739,-35.709041
26.362640,45.624313,-35.782931
24.270729,45.694162,-35.856545
22.681014,45.764310,-35.929857
21.455048,45.834759,-36.002829
20.369500,45.905503,-36.075416
19.884888,45.976523,-36.147570
19.349343,46.047866,-36.219316
18.962425,46.119523,-36.290630
18.745090,46.191459,-36.361463
18.692064,46.263630,-36.431769
19.170362,46.336022,-36.501537
19.458521,46.408751,-36.570897
20.073179,46.481759,-36.639809
20.774660,46.554986,-36.708239
22.135465,46.628362,-36.776152
23.634993,46.701876,-36.843579
25.895622,46.775638,-36.910664
29.040106,46.849560,-36.977378
33.044481,46.923549,-37.043694
39.227059,46.997515,-37.109592
49.563534,47.071483,-37.175158
64.936482,47.145541,-37.240540
97.196291,47.219610,-37.305731
185.879416,47.293617,-37.370735
-1671.457079,47.367496,-37.435560
-191.220746,47.441328,-37.500347
-106.049118,47.515104,-37.565152
-75.688670,47.588794,-37.630001
-60.199431,47.662375,-37.694923
-51.138111,47.735843,-37.759958
-45.458178,47.809206,-37.825150
-41.549360,47.882479,-37.890545
-39.603255,47.955691,-37.956195
-38.658613,48.028834,-38.022111
-37.882181,48.101894,-38.088291
-37.585213,48.174919,-38.154785
-38.772449,48.247909,-38.221597
-42.386466,48.320927,-38.288776
-45.567928,48.393875,-38.356206
-51.987553,48.466825,-38.423933
-57.594770,48.539838,-38.491981
-75.521680,48.612867,-38.560276
-107.762080,48.685958,-38.628811
-207.674566,48.759123,-38.697541
-1332.399301,48.832454,-38.766496
300.514315,48.905964,-38.835629
124.652902,48.979605,-38.904838
81.583295,49.053414,-38.974092
58.932119,49.127413,-39.043352
46.370799,49.201670,-39.112613
37.743032,49.276127,-39.181756
32.170364,49.350829,-39.250753
28.630078,49.425791,-39.319555
25.751676,49.501012,-39.388102
23.720050,49.576504,-39.456354
22.188951,49.652272,-39.524268
20.968057,49.728307,-39.591797
20.234053,49.804589,-39.658888
19.801480,49.881129,-39.725530
19.259215,49.957951,-39.791727
19.053923,50.035006,-39.857423
18.755036,50.112238,-39.922566
19.650201,50.189605,-39.987120
19.862105,50.267274,-40.051250
20.588038,50.345180,-40.114916
21.403177,50.423252,-40.178086
22.934136,50.501417,-40.240729
25.088639,50.579658,-40.302876
27.812049,50.658109,-40.364682
31.963073,50.736675,-40.426125
37.826942,50.815259,-40.487188
47.278970,50.893762,-40.547859
65.471987,50.972200,-40.608219
92.759660,51.050681,-40.668420
164.109258,51.129115,-40.728454
471.295422,51.207421,-40.788312
-306.088962,51.285522,-40.847992
-153.811412,51.363531,-40.907635
-113.167128,51.441450,-40.967288
-97.837259,51.519234,-41.026942
-89.933814,51.596851,-41.086590
-93.567713,51.674350,-41.146279
-109.001246,51.751766,-41.206031
-148.178341,51.829112,-41.265838
-300.028645,51.906409,-41.325688
838.060389,51.983707,-41.385575
159.900575,52.061066,-41.445495
92.291861,52.138533,-41.505423
64.877145,52.216112,-41.565306
50.654503,52.293837,-41.625115
41.289393,52.371749,-41.684828
35.012280,52.449912,-41.744439
30.748271,52.528374,-41.803931
27.220154,52.607058,-41.863194
24.325177,52.686018,-41.922218
22.192702,52.765331,-41.981007
20.703394,52.845070,-42.039564
19.149151,52.925230,-42.097841
18.585237,53.005718,-42.155728
18.149484,53.086590,-42.213238
18.357053,53.167887,-42.270387
17.614347,53.249648,-42.327197
17.876272,53.331765,-42.383576
18.061665,53.414232,-42.439520
18.520851,53.497062,-42.495047
18.370197,53.580267,-42.550175
18.731550,53.663817,-42.604883
19.309960,53.747667,-42.659152
20.019767,53.831800,-42.712990
20.559332,53.916198,-42.766404
21.489510,54.000865,-42.819416
22.394970,54.085750,-42.872016
22.929868,54.170814,-42.924203
22.892259,54.256025,-42.975968
22.689163,54.341429,-43.027342
21.899318,54.427023,-43.078318
20.974017,54.512789,-43.128868
19.848005,54.598721,-43.178967
19.120007,54.684869,-43.228617
18.333211,54.771243,-43.277800
17.609571,54.857841,-43.326491
16.853770,54.944674,-43.374671
16.289538,55.031770,-43.422328
15.738809,55.119139,-43.469446
15.247550,55.206794,-43.516007
14.793467,55.294754,-43.561998
14.347945,55.383033,-43.607403
14.145123,55.471633,-43.652204
14.131326,55.560576,-43.696398
14.271784,55.649867,-43.739987
14.367776,55.739512,-43.782978
14.639963,55.829490,-43.825366
14.950162,55.919816,-43.867171
15.252065,56.010476,-43.908399
15.282412,56.101471,-43.949062
15.603044,56.192765,-43.989150
15.898773,56.284371,-44.028676
16.223172,56.376278,-44.067651
16.269297,56.468486,-44.106083
16.650039,56.560951,-44.143960
16.976366,56.653678,-44.181296
17.275680,56.746667,-44.218101
17.142402,56.839911,-44.254382
17.048458,56.933367,-44.290119
16.587651,57.027036,-44.325306
16.157426,57.120929,-44.359933
15.747460,57.215035,-44.393978
15.471469,57.309325,-44.427414
15.035019,57.403787,-44.460224
14.833595,57.498436,-44.492397
14.618835,57.593242,-44.523912
14.386572,57.688168,-44.554749
13.903250,57.783202,-44.584891
13.860664,57.878379,-44.614334
13.809274,57.973656,-44.643059
13.428778,58.068972,-44.671046
13.337098,58.164362,-44.698293
13.755556,58.259836,-44.724802
14.488216,58.355323,-44.750579
14.387309,58.450725,-44.775629
15.120508,58.546241,-44.800018
15.673005,58.641785,-44.823749
15.653482,58.737305,-44.846835
15.722605,58.832917,-44.869310
15.633445,58.928660,-44.891184
15.389132,59.024539,-44.912455
15.026820,59.120580,-44.933119
14.431793,59.216840,-44.953170
14.224738,59.313409,-44.972602
14.015450,59.410246,-44.991391
13.385158,59.507346,-45.009518
12.966708,59.604857,-45.026978
13.737928,59.702803,-45.043755
13.135677,59.800946,-45.059823
12.857398,59.899336,-45.075170
12.992156,59.998050,-45.089789
12.984289,60.097019,-45.103667
12.524081,60.196164,-45.116788
12.306620,60.295438,-45.129123
12.016072,60.394879,-45.140657
11.558437,60.494525,-45.151372
11.041967,60.594287,-45.161223
10.814383,60.694082,-45.170168
10.083599,60.793922,-45.178177
9.184401,60.894009,-45.185200
9.002122,60.994054,-45.191137
8.840061,61.094026,-45.195954
7.865014,61.193958,-45.199615
7.789670,61.293937,-45.202028
7.718486,61.393845,-45.203157
7.393910,61.493613,-45.202986
7.380947,61.593334,-45.201478
7.255365,61.692953,-45.198622
7.483362,61.792389,-45.194416
7.624984,61.891666,-45.188891
7.527946,61.990816,-45.182068
7.791785,62.089777,-45.173956
8.525777,62.188472,-45.164609
8.416965,62.287091,-45.154090
8.422929,62.385636,-45.142404
9.136366,62.484092,-45.129567
9.266524,62.582346,-45.115656
9.387217,62.680506,-45.100683
9.595537,62.778587,-45.084660
9.850107,62.876572,-45.067610
10.046013,62.974414,-45.049563
10.299741,63.072137,-45.030536
10.692779,63.169772,-45.010546
10.493336,63.267392,-44.989600
10.953395,63.364863,-44.967723
11.479415,63.462195,-44.944943
11.583468,63.559424,-44.921285
11.330250,63.656670,-44.896726
12.075715,63.753680,-44.871325
12.585336,63.850461,-44.845118
12.395431,63.947060,-44.818126
13.046217,64.043424,-44.790365
13.544588,64.139489,-44.761888
13.709383,64.235192,-44.732744
14.162756,64.330623,-44.702922
14.347293,64.425710,-44.672468
14.757502,64.520341,-44.641435
15.436528,64.614598,-44.609820
15.741770,64.708547,-44.577631
15.644299,64.802100,-44.544916
16.566855,64.895215,-44.511697
15.992386,64.988092,-44.477927
15.505429,65.080663,-44.443620
14.718566,65.172892,-44.408769
14.087535,65.264804,-44.373332
13.106026,65.356398,-44.337277
11.871235,65.447640,-44.300563
10.883012,65.538560,-44.263100
9.901744,65.629058,-44.224849
8.705568,65.719079,-44.185735
8.230187,65.808668,-44.145614
7.534461,65.897785,-44.104413
7.100258,65.986278,-44.062099
6.880186,66.074167,-44.018579
6.750440,66.161473,-43.973788
6.610983,66.248160,-43.927711
6.568227,66.334150,-43.880357
6.884458,66.419524,-43.831679
6.900671,66.504285,-43.781720
7.071961,66.588398,-43.730519
7.599418,66.671977,-43.678044
7.567343,66.754971,-43.624402
7.455670,66.837365,-43.569604
7.467089,66.919173,-43.513619
7.343116,67.000331,-43.456476
7.184433,67.080788,-43.398182
7.071907,67.160516,-43.338718
6.906355,67.239495,-43.278063
6.670237,67.317667,-43.216210
6.556877,67.394934,-43.153179
6.253541,67.471259,-43.088948
5.940065,67.546611,-43.023452
5.935436,67.620813,-42.956753
5.654608,67.693810,-42.888865
5.694731,67.765631,-42.819693
5.835033,67.836158,-42.749355
5.763756,67.905389,-42.677897
5.855615,67.973329,-42.605318
5.943626,68.039926,-42.531709
6.044731,68.105179,-42.457121
6.151465,68.169112,-42.381581
6.228210,68.231740,-42.305120
6.512915,68.293059,-42.227802
6.514385,68.353145,-42.149614
6.298291,68.412009,-42.070556
6.485502,68.469581,-41.990681
6.374154,68.525941,-41.909909
6.317678,68.581095,-41.828205
6.542091,68.635008,-41.745608
6.620789,68.687727,-41.662105
6.741158,68.739303,-41.577645
6.967113,68.789749,-41.492246
7.193710,68.839062,-41.405979
7.520077,68.887302,-41.318820
8.142700,68.934538,-41.230750
8.625749,68.980786,-41.141908
9.970421,69.026095,-41.052378
11.669242,69.070610,-40.962166
12.968813,69.114432,-40.871370
15.402513,69.157572,-40.780200
17.698500,69.200132,-40.688694
19.822618,69.242187,-40.596898
21.892223,69.283760,-40.504916
23.344643,69.324875,-40.412810
22.132228,69.365531,-40.320646
20.994115,69.405736,-40.228366
19.205367,69.445433,-40.136040
15.899431,69.484538,-40.043738
13.754493,69.523001,-39.951340
12.579573,69.560729,-39.858830
11.288836,69.597630,-39.766244
10.193223,69.633659,-39.673474
9.607741,69.668734,-39.580500
8.927952,69.702781,-39.487334
8.320935,69.735761,-39.393884
7.877105,69.767591,-39.300159
7.603366,69.798209,-39.206151
7.213658,69.827582,-39.111805
6.888800,69.855641,-39.017138
6.976507,69.882326,-38.922177
6.667885,69.907638,-38.826905
6.460776,69.931521,-38.731352
6.374468,69.953925,-38.635556
6.191508,69.974826,-38.539510
6.024456,69.994187,-38.443214
5.839592,70.011961,-38.346683
5.698238,70.028103,-38.249929
5.528953,70.042563,-38.152993
5.405150,70.055300,-38.055853
5.241412,70.066275,-37.958465
5.201463,70.075430,-37.860944
5.277465,70.082756,-37.763216
5.232969,70.088268,-37.665187
5.348323,70.091952,-37.566947
5.671163,70.093842,-37.468521
5.854169,70.094012,-37.369825
6.314142,70.092525,-37.270902
6.987067,70.089486,-37.171842
7.677167,70.085024,-37.072559
8.624666,70.079264,-36.973087
9.502744,70.072338,-36.873543
10.481893,70.064352,-36.773905
11.368858,70.055397,-36.674192
12.022845,70.045556,-36.574524
12.941434,70.034885,-36.474919
13.124081,70.023426,-36.375322
13.150266,70.011203,-36.275800
12.956772,69.998219,-36.176370
12.375526,69.984458,-36.077027
11.629829,69.969889,-35.977787
11.093634,69.954468,-35.878683
10.743524,69.938157,-35.779744
10.597306,69.920923,-35.680945
10.461423,69.902752,-35.582301
10.543026,69.883639,-35.483831
10.389358,69.863587,-35.385549
10.159289,69.842588,-35.287477
10.187993,69.820628,-35.189626
9.951044,69.797714,-35.092049
9.603002,69.773826,-34.994746
9.396896,69.748932,-34.897716
9.180827,69.723022,-34.801025
8.543449,69.696057,-34.704646
7.930681,69.667972,-34.608616
7.818382,69.638700,-34.512981
7.409545,69.608195,-34.417722
7.186134,69.576411,-34.322879
7.269497,69.543309,-34.228457
7.128428,69.508882,-34.134444
7.111351,69.473122,-34.040871
7.229006,69.436028,-33.947750
7.310014,69.397611,-33.855073
7.468616,69.357900,-33.762869
7.661142,69.316928,-33.671148
8.059835,69.274741,-33.579926
8.477910,69.231404,-33.489208
8.877258,69.186985,-33.398992
9.323989,69.141553,-33.309296
9.744574,69.095170,-33.220126
10.259873,69.047900,-33.131490
10.696005,68.999784,-33.043364
11.044106,68.950879,-32.955759
11.607275,68.901229,-32.868682
12.048157,68.850858,-32.782091
12.346301,68.799812,-32.695997
12.880096,68.748124,-32.610405
13.542917,68.695808,-32.525271
14.073638,68.642898,-32.440581
14.662239,68.589438,-32.356348
15.658863,68.535436,-32.272520
16.172399,68.480899,-32.189041
16.652195,68.425862,-32.105922
17.533647,68.370345,-32.023154
17.881548,68.314340,-31.940682
18.235792,68.257859,-31.858499
18.562058,68.200920,-31.776613
18.781103,68.143526,-31.695014
18.783247,68.085666,-31.613674
19.035692,68.027337,-31.532590
18.944807,67.968571,-31.451799
18.919351,67.909345,-31.371272
19.750097,67.849645,-31.290985
20.309486,67.789521,-31.210981
20.939151,67.728991,-31.131257
21.755450,67.668049,-31.051781
23.467422,67.606701,-30.972532
24.517390,67.545005,-30.893535
26.055046,67.482970,-30.814769
28.186618,67.420595,-30.736193
30.428104,67.357903,-30.657794
32.838291,67.294931,-30.579577
36.137188,67.231690,-30.501513
42.811188,67.168179,-30.423557
50.547842,67.104443,-30.345701
65.769588,67.040531,-30.267944
96.144531,66.976468,-30.190244
161.551241,66.912282,-30.112564
1079.503105,66.848042,-30.034913
-226.433513,66.783787,-29.957259
-98.000507,66.719563,-29.879571
-63.244770,66.655417,-29.801815
-45.337409,66.591412,-29.723976
-34.981030,66.527610,-29.646031
-28.409584,66.464067,-29.567945
-24.628506,66.400814,-29.489653
-22.560251,66.337921,-29.411157
-22.311022,66.275432,-29.332458
-22.261938,66.213310,-29.253495
-22.535296,66.151557,-29.174269
-23.263173,66.090188,-29.094811
-25.498007,66.029193,-29.015135
-27.542478,65.968510,-28.935215
-30.993044,65.908128,-28.855089
-37.107675,65.848028,-28.774802
-47.466009,65.788163,-28.694378
-68.263217,65.728483,-28.613850
-133.819506,65.668936,-28.533257
2630.420292,65.609478,-28.452660
154.529836,65.550047,-28.372101
83.161405,65.490605,-28.291634
62.488701,65.431092,-28.211269
52.343950,65.371493,-28.131054
46.548130,65.311779,-28.051002
43.152245,65.251935,-27.971133
42.077621,65.191930,-27.891429
42.720033,65.131762,-27.811900
44.459320,65.071426,-27.732532
48.295833,65.010927,-27.653317
55.501749,64.950274,-27.574237
68.883623,64.889482,-27.495268
96.304441,64.828566,-27.416372
180.044410,64.767569,-27.337538
973.396914,64.706523,-27.258731
-306.363565,64.645444,-27.179901
-144.713300,64.584357,-27.101008
-95.712722,64.523315,-27.022060
-74.076773,64.462328,-26.943016
-62.496159,64.401408,-26.863838
-55.805135,64.340578,-26.784518
-50.806320,64.279873,-26.705066
-47.387923,64.219290,-26.625451
-45.721378,64.158844,-26.545668
-44.906301,64.098544,-26.465717
-44.922404,64.038396,-26.385596
-45.033626,63.978386,-26.305288
-47.042052,63.918534,-26.224819
-49.352251,63.858827,-26.144188
-52.207986,63.799250,-26.063390
-55.199374,63.739798,-25.982434
-59.755044,63.680487,-25.901365
-64.774679,63.621303,-25.820180
-70.442818,63.562230,-25.738885
-77.220514,63.503267,-25.657497
-85.736085,63.444413,-25.576037
-95.871094,63.385659,-25.494513
-109.840830,63.327000,-25.412941
-126.541001,63.268418,-25.331319
-149.207818,63.209909,-25.249662
-181.175469,63.151480,-25.168000
-234.519357,63.093125,-25.086347
-295.888313,63.034809,-25.004672
-382.857350,62.976535,-24.922998
-497.702294,62.918317,-24.841357
-641.684087,62.860140,-24.759738
-863.563076,62.801974,-24.678107
-1316.571445,62.743821,-24.596474
-2510.907974,62.685698,-24.514871
-15181.290312,62.627593,-24.433286
3923.473971,62.569496,-24.351711
1800.321446,62.511411,-24.270156
1195.465099,62.453337,-24.188627
903.804792,62.395270,-24.107122
735.670602,62.337211,-24.025647
617.808298,62.279167,-23.944217
503.738196,62.221116,-23.862806
396.091176,62.163066,-23.781430
319.332993,62.105026,-23.700113
239.330600,62.047009,-23.618881
203.761835,61.988967,-23.537685
189.992066,61.930911,-23.456555
190.952533,61.872856,-23.375512
201.224853,61.814801,-23.294560
244.505595,61.756715,-23.213646
350.412749,61.698601,-23.132762
839.416049,61.640467,-23.051898
-1168.487175,61.582325,-22.971042
-303.687032,61.524189,-22.890178
-160.685425,61.466053,-22.809257
-109.460847,61.407921,-22.728235
-79.371527,61.349844,-22.647134
-60.575513,61.291852,-22.565933
-46.480358,61.233930,-22.484545
-41.382405,61.176077,-22.402889
-36.653156,61.118386,-22.321040
-33.553079,61.060875,-22.238974
-31.201186,61.003540,-22.156636
-31.292836,60.946364,-22.073968
-31.017181,60.889399,-21.991037
-30.575925,60.832659,-21.907854
-30.917754,60.776146,-21.824417
-31.902855,60.719831,-21.740689
-34.045709,60.663704,-21.656669
-34.884652,60.607772,-21.572397
-38.184787,60.552053,-21.487920
-43.458213,60.496503,-21.403216
-52.971954,60.441079,-21.318273
-67.684403,60.385771,-21.233152
-113.743461,60.330578,-21.147936
-378.129027,60.275451,-21.062656
285.073122,60.220342,-20.977353
104.256569,60.165205,-20.892073
63.701138,60.110000,-20.806869
45.949463,60.054691,-20.721803
35.535645,59.999249,-20.636943
29.344523,59.943602,-20.552296
25.025907,59.887704,-20.467903
21.544121,59.831540,-20.383850
19.620408,59.775099,-20.300227
18.260834,59.718277,-20.216965
17.330188,59.661048,-20.134089
16.650566,59.603417,-20.051656
16.851576,59.545397,-19.969717
17.117717,59.486940,-19.888193
17.454472,59.428037,-19.807055
18.191932,59.368713,-19.726312
19.390973,59.309004,-19.645973
21.377377,59.248931,-19.566007
23.215347,59.188495,-19.486339
26.038332,59.127741,-19.406960
29.824606,59.066702,-19.327840
36.690508,59.005429,-19.248962
46.698744,58.943946,-19.170257
67.457653,58.882301,-19.091689
120.552473,58.820544,-19.013219
432.819012,58.758726,-18.934806
-309.415458,58.696893,-18.856412
-121.184431,58.635085,-18.778000
-78.141830,58.573342,-18.699538
-59.175215,58.511701,-18.621001
-48.754760,58.450192,-18.542361
-42.226699,58.388840,-18.463591
-38.070988,58.327665,-18.384666
-35.231958,58.266693,-18.305576
-33.364123,58.205937,-18.226303
-32.218480,58.145401,-18.146828
-31.741360,58.085087,-18.067133
-32.078900,58.024992,-17.987209
-32.671398,57.965129,-17.907075
-33.894359,57.905476,-17.826711
-35.956686,57.846014,-17.746110
-39.161826,57.786712,-17.665258
-42.620623,57.727579,-17.584199
-46.707511,57.668600,-17.502952
-51.642427,57.609738,-17.421497
-58.338424,57.550965,-17.339832
-68.029607,57.492236,-17.257930
-79.950029,57.433603,-17.175906
-97.614106,57.375031,-17.093748
-126.192348,57.316479,-17.011438
-178.360108,57.257902,-16.928953
-260.527877,57.199256,-16.846271
-518.814587,57.140633,-16.763552
-4848.156547,57.082002,-16.680787
723.928885,57.023336,-16.597970
345.767927,56.964615,-16.515099
245.627795,56.905821,-16.432176
189.407176,56.846990,-16.349273
158.927468,56.788118,-16.266406
140.336348,56.729202,-16.183589
128.729671,56.670249,-16.100847
120.798766,56.611271,-16.018206
117.414502,56.552265,-15.935674
115.913188,56.493213,-15.853226
116.977555,56.434145,-15.770908
119.492870,56.375102,-15.688774
128.056593,56.316126,-15.606880
138.172273,56.257204,-15.525194
156.022255,56.198268,-15.443616
183.927460,56.139388,-15.362223
224.795438,56.080633,-15.281097
342.368518,56.022071,-15.200312
737.036242,55.963640,-15.119757
-6284.074135,55.905255,-15.039288
-524.318410,55.846984,-14.958974
-281.922781,55.788891,-14.878873
-180.988589,55.731035,-14.799038
-137.538214,55.673277,-14.719249
-112.838031,55.615612,-14.639468
-95.596584,55.558069,-14.559710
-82.975150,55.500669,-14.479978
-74.166816,55.443424,-14.400262
-67.046988,55.386290,-14.320477
-61.602987,55.329247,-14.240574
-56.578807,55.272281,-14.160508
-54.685949,55.215368,-14.080225
-52.069138,55.158551,-13.999768
-50.352239,55.101830,-13.919126
-50.015291,55.045183,-13.838253
-50.290755,54.988564,-13.757082
-53.796053,54.931945,-13.675569
-55.517537,54.875383,-13.593817
-56.891492,54.818846,-13.511786
-62.504556,54.762371,-13.429540
-69.849969,54.705890,-13.347004
-81.101398,54.649361,-13.264143
-95.979288,54.592791,-13.181001
-108.530114,54.536153,-13.097570
-151.862845,54.479530,-13.013996
-242.448983,54.422862,-12.930238
-614.593453,54.366109,-12.846277
1145.279028,54.309276,-12.762170
272.526036,54.252378,-12.677981
147.920753,54.195414,-12.593764
99.839603,54.138347,-12.509521
79.565770,54.081145,-12.425262
64.678275,54.023827,-12.341064
55.058021,53.966379,-12.256960
48.176083,53.908792,-12.172985
42.687045,53.851061,-12.089182
39.365046,53.793191,-12.005601
36.505469,53.735132,-11.922209
34.214650,53.676881,-11.839035
32.561261,53.618454,-11.756132
31.170365,53.559867,-11.673549
31.545650,53.501123,-11.591306
30.758199,53.442129,-11.509275
30.660439,53.382907,-11.427492
30.661453,53.323481,-11.345992
31.074984,53.263875,-11.264808
32.706582,53.204094,-11.183930
33.289116,53.144094,-11.103281
34.819705,53.083885,-11.022856
36.728754,53.023496,-10.942673
39.192026,52.962962,-10.862752
43.581181,52.902306,-10.783092
47.168410,52.841507,-10.703626
52.593132,52.780576,-10.624335
60.081662,52.719526,-10.545200
69.928292,52.658388,-10.466223
85.431016,52.597193,-10.387404
103.134867,52.535926,-10.308685
129.964690,52.474604,-10.230052
171.066466,52.413234,-10.151482
242.407159,52.351834,-10.072969
402.107011,52.290419,-9.994503
988.676857,52.228988,-9.916057
-3313.324505,52.167542,-9.837608
-659.682727,52.106097,-9.759157
-384.515980,52.044656,-9.680687
-281.451354,51.983220,-9.602181
-226.945425,51.921786,-9.523620
-198.733160,51.860349,-9.444986
-178.309700,51.798937,-9.366302
-168.840851,51.737544,-9.287551
-167.437551,51.676155,-9.208711
-170.967562,51.614754,-9.129759
-185.767749,51.553344,-9.050700
-212.299495,51.491939,-8.971561
-257.405840,51.430540,-8.892353
-339.712627,51.369122,-8.813056
-514.672726,51.307659,-8.733653
-1242.883995,51.246146,-8.654154
2819.284274,51.184587,-8.574583
596.764524,51.123009,-8.494992
324.778464,51.061385,-8.415371
219.180128,50.999692,-8.335712
161.631202,50.937911,-8.256016
129.370154,50.876033,-8.176296
106.785457,50.814068,-8.096593
89.301720,50.752019,-8.016939
76.299712,50.689865,-7.937335
66.547981,50.627583,-7.857785
57.997972,50.565142,-7.778282
53.316673,50.502521,-7.698833
48.360622,50.439758,-7.619515
44.446322,50.376844,-7.540347
41.638573,50.313769,-7.461345
39.097745,50.250488,-7.382479
37.016998,50.186991,-7.303762
35.956974,50.123277,-7.225213
34.523983,50.059381,-7.146892
33.900405,49.995305,-7.068817
33.408555,49.931023,-6.990964
32.922920,49.866516,-6.913318
32.685269,49.801796,-6.835899
32.579842,49.736875,-6.758724
32.641269,49.671764,-6.681809
33.556096,49.606475,-6.605161
33.900710,49.540978,-6.528736
34.665196,49.475295,-6.452553
35.590301,49.409454,-6.376631
36.413609,49.343470,-6.300978
38.515967,49.277339,-6.225574
40.754242,49.211061,-6.150398
43.158262,49.144646,-6.075440
46.420074,49.078134,-6.000721
50.376757,49.011563,-5.926260
55.457316,48.944936,-5.852032
64.725664,48.878248,-5.778002
74.422333,48.811485,-5.704120
88.627460,48.744681,-5.630390
109.408851,48.677875,-5.556823
145.457994,48.611102,-5.483428
219.705803,48.544328,-5.410131
491.189439,48.477573,-5.336921
-2837.424610,48.410836,-5.263761
-353.973454,48.344149,-5.190651
-183.311083,48.277543,-5.117587
-120.120856,48.211018,-5.044534
-90.599211,48.144564,-4.971437
-72.063514,48.078209,-4.898289
-59.516555,48.011984,-4.825083
-50.762883,47.945913,-4.751803
-42.984162,47.880013,-4.678425
-37.970909,47.814264,-4.604879
-34.182335,47.748688,-4.531140
-31.283367,47.683313,-4.457200
-29.447855,47.618187,-4.383073
-27.747568,47.553314,-4.308733
-26.840860,47.488673,-4.234126
-26.309721,47.424255,-4.159224
-25.888188,47.360051,-4.084001
-25.619998,47.296085,-4.008474
-26.125664,47.232385,-3.932672
-26.777446,47.168937,-3.856588
-27.795824,47.105717,-3.780204
-29.558789,47.042692,-3.703502
-30.800500,46.979823,-3.626462
-33.970206,46.917139,-3.549145
-38.021231,46.854639,-3.471591
-43.902917,46.792293,-3.393812
-53.374651,46.730047,-3.315797
-68.585530,46.667841,-3.237533
-98.766041,46.605642,-3.159044
-181.792417,46.543453,-3.080404
-1327.050986,46.481271,-3.001685
257.143294,46.419035,-2.922883
119.100563,46.356683,-2.843999
77.235574,46.294166,-2.765043
59.928006,46.231471,-2.686072
48.078835,46.168619,-2.607178
41.032803,46.105577,-2.528383
36.450338,46.042307,-2.449700
33.120090,45.978777,-2.371139
30.869719,45.914983,-2.292740
29.536377,45.850914,-2.214526
28.379217,45.786581,-2.136536
27.678302,45.721981,-2.058786
27.457781,45.657114,-1.981291
27.480999,45.591977,-1.904053
27.739749,45.526582,-1.827083
28.361199,45.460938,-1.750387
29.340856,45.395061,-1.673969
31.268712,45.328986,-1.597849
33.629466,45.262721,-1.522005
36.516147,45.196293,-1.446433
40.113307,45.129753,-1.371152
45.362236,45.063094,-1.296115
53.656949,44.996358,-1.221323
67.090188,44.929570,-1.146753
82.217428,44.862722,-1.072342
106.776197,44.795861,-0.998099
149.372461,44.729019,-0.924016
232.901279,44.662196,-0.850054
582.801329,44.595427,-0.776215
-3185.338009,44.528670,-0.702417
-444.854413,44.461935,-0.628638
-247.902788,44.395242,-0.554872
-176.616670,44.328601,-0.481105
-139.924771,44.262022,-0.407325
-118.691329,44.195507,-0.333509
-104.273890,44.129030,-0.259612
-95.168114,44.062587,-0.185612
-88.821263,43.996194,-0.111512
-83.826931,43.929861,-0.037311
-80.214820,43.863571,0.037018
-77.787429,43.797316,0.111493
-76.053117,43.731091,0.186127
-77.284318,43.664873,0.260949
-77.200581,43.598713,0.335901
-78.342657,43.532588,0.411010
-77.365695,43.466478,0.486296
-77.795287,43.400424,0.561714
-78.198133,43.334429,0.637261
-78.706953,43.268489,0.712942
-78.701481,43.202610,0.788747
-78.486217,43.136788,0.864682
-77.284668,43.071036,0.940734
-77.148188,43.005395,1.016857
-75.912416,42.939869,1.093046
-74.891175,42.874448,1.169318
-73.809715,42.809136,1.245670
-72.450722,42.743948,1.322088
-70.753448,42.678909,1.398545
-69.546081,42.614042,1.475019
-65.521042,42.549372,1.551487
-64.427603,42.484852,1.628011
-63.942331,42.420515,1.704559
-64.247755,42.356372,1.781119
-65.193468,42.292426,1.857684
-65.761135,42.228707,1.934216
-68.417786,42.165181,2.010749
-72.752883,42.101834,2.087293
-82.054393,42.038676,2.163817
-92.534905,41.975645,2.240379
-110.492558,41.912739,2.316953
-142.808909,41.849940,2.393537
-215.314580,41.787213,2.470140
-504.599712,41.724541,2.546747
1011.308637,41.661892,2.623356
239.126500,41.599222,2.699975
133.459167,41.536500,2.776592
89.325039,41.473705,2.853181
66.024684,41.410791,2.929742
52.067778,41.347704,3.006278
41.752561,41.284407,3.082770
37.572041,41.220846,3.159215
32.758694,41.157050,3.235526
29.564647,41.092968,3.311712
27.243085,41.028545,3.387780
24.861284,40.963737,3.463737
23.727018,40.898572,3.539497
22.756756,40.833041,3.615037
21.944646,40.767131,3.690343
21.534711,40.700815,3.765421
20.922361,40.634075,3.840273
20.663096,40.566954,3.914831
20.581562,40.499482,3.989053
20.849348,40.431633,4.062963
21.293544,40.363423,4.136555
21.834652,40.294873,4.209819
22.578343,40.226025,4.282727
23.427362,40.156942,4.355237
24.904013,40.087591,4.427410
27.028915,40.017992,4.499262
29.777062,39.948214,4.570770
33.567076,39.878326,4.641911
37.731994,39.808387,4.712684
43.885171,39.738383,4.783149
53.060186,39.668294,4.853383
65.899188,39.598202,4.923356
90.968476,39.528191,4.993041
123.502267,39.458241,5.062510
188.723594,39.388321,5.131840
325.571561,39.318427,5.201070
846.226840,39.248604,5.270186
-2940.192905,39.178891,5.339178
-636.955289,39.109279,5.408073
-467.902352,39.039682,5.476973
-420.948827,38.970108,5.545877
-454.858638,38.900557,5.614791
-619.675199,38.831017,5.683723
-1481.558049,38.761467,5.752685
1889.253594,38.691901,5.821672
543.368632,38.622285,5.890701
301.996543,38.552581,5.959792
210.460782,38.482753,6.028961
157.967548,38.412793,6.098195
122.254259,38.342735,6.167440
97.321762,38.272565,6.236683
81.016382,38.202227,6.305950
70.535423,38.131679,6.375257
62.538245,38.060874,6.444620
56.036079,37.989853,6.513975
51.984463,37.918671,6.583242
48.827522,37.847283,6.652444
46.895866,37.775653,6.721600
44.282101,37.703747,6.790726
42.659066,37.631631,6.859743
41.917110,37.559339,6.928606
41.231930,37.486843,6.997336
41.221124,37.414118,7.065948
39.902011,37.341159,7.134446
40.261703,37.268043,7.202750
40.090755,37.194767,7.270862
40.553066,37.121310,7.338802
40.984095,37.047682,7.406565
41.719535,36.973901,7.474136
42.163478,36.899991,7.541500
42.416828,36.825953,7.608660
42.510011,36.751795,7.675610
42.788980,36.677527,7.742345
42.336436,36.603125,7.808885
41.520508,36.528598,7.875221
40.783479,36.453933,7.941360
39.915530,36.379137,8.007288
39.052515,36.304202,8.073007
37.946676,36.229125,8.138513
37.164366,36.153888,8.203811
36.466508,36.078489,8.268895
35.888352,36.002932,8.333758
35.254949,35.927216,8.398393
34.623745,35.851332,8.462802
34.291868,35.775262,8.526994
33.858607,35.699007,8.590963
33.701145,35.622580,8.654696
33.447245,35.545985,8.718186
33.720109,35.469195,8.781454
34.121260,35.392214,8.844500
34.495530,35.315048,8.907321
35.059246,35.237731,8.969897
36.131914,35.160236,9.032254
37.195536,35.082566,9.094400
37.768265,35.004728,9.156339
37.946749,34.926743,9.218060
38.006288,34.848600,9.279573
37.785587,34.770282,9.340893
37.253167,34.691779,9.402023
36.263157,34.613083,9.462967
35.383930,34.534206,9.523705
34.173351,34.455136,9.584238
32.816000,34.375846,9.644572
31.101166,34.296306,9.704716
29.861727,34.216520,9.764644
27.942104,34.136509,9.824323
26.317084,34.056227,9.883759
24.218622,33.975623,9.942958
23.610104,33.894655,10.001915
22.066383,33.813419,10.060538
21.106150,33.731864,10.118831
20.201326,33.649948,10.176797
19.710228,33.567636,10.234432
19.377586,33.484989,10.291677
18.838092,33.402029,10.348502
18.503225,33.318740,10.404904
18.060295,33.235109,10.460875
17.759020,33.151164,10.516383
17.608186,33.066901,10.571418
17.622237,32.982328,10.625969
17.691706,32.897465,10.680025
17.806163,32.812362,10.733556
18.007205,32.727024,10.786565
18.681034,32.641430,10.839077
19.445568,32.555648,10.891072
20.671191,32.469750,10.942536
20.893808,32.383814,10.993454
22.199361,32.297692,11.043932
23.267253,32.211470,11.093948
24.977124,32.125213,11.143494
25.287837,32.038948,11.192585
26.463740,31.952577,11.241291
27.025457,31.866146,11.289603
29.087798,31.779724,11.337499
28.300428,31.693236,11.385042
28.082618,31.606633,11.432257
27.026812,31.519938,11.479126
25.968268,31.433155,11.525634
24.791326,31.346222,11.571799
23.020852,31.259094,11.617623
21.472503,31.171723,11.663098
20.518059,31.084051,11.708221
20.037970,30.996081,11.752966
19.088900,30.907856,11.797292
18.349329,30.819306,11.841209
18.028406,30.730358,11.884731
17.929414,30.641001,11.927846
17.181421,30.551305,11.970510
16.936201,30.461258,12.012707
16.612011,30.370763,12.054467
17.230702,30.279753,12.095808
16.087015,30.188258,12.136720
16.472877,30.096414,12.177112
16.499744,30.004134,12.217023
17.626556,29.911334,12.256496
17.196385,29.818076,12.295525
17.933320,29.724498,12.334050
18.581130,29.630575,12.372097
19.638357,29.536272,12.409702
20.192137,29.441601,12.446884
21.435411,29.346722,12.483601
22.698405,29.251644,12.519875
24.257682,29.156393,12.555728
26.337368,29.060997,12.591180
28.422332,28.965481,12.626257
30.597431,28.869915,12.660964
32.990176,28.774374,12.695302
35.640655,28.678870,12.729297
36.089887,28.583379,12.762977
36.869196,28.487898,12.796353
37.207972,28.392503,12.829406
37.232907,28.297209,12.862134
35.551226,28.201999,12.894544
33.078351,28.106894,12.926617
31.894443,28.011856,12.958348
30.674700,27.916932,12.989711
29.518120,27.822070,13.020710
26.407349,27.727344,13.051307
25.216597,27.632633,13.081510
24.221354,27.538005,13.111276
23.210982,27.443386,13.140614
21.579813,27.348813,13.169493
20.907803,27.254216,13.197911
20.373369,27.159618,13.225842
20.365742,27.065019,13.253280
19.755237,26.970370,13.280233
19.755393,26.875621,13.306709
19.829978,26.780771,13.332704
20.005048,26.685825,13.358220
20.106828,26.590773,13.383265
20.311818,26.495580,13.407850
20.525068,26.400226,13.431984
20.890515,26.304676,13.455682
20.947745,26.208896,13.478957
21.408826,26.112968,13.501792
21.912412,26.016840,13.524207
22.562591,25.920445,13.546226
23.549470,25.823721,13.567876
23.506909,25.726757,13.589148
24.504251,25.629594,13.610036
24.845220,25.532140,13.630572
26.683681,25.434316,13.650779
25.777827,25.336209,13.670655
26.717401,25.237924,13.690174
26.668796,25.139381,13.709358
27.996324,25.040505,13.728223
27.386271,24.941390,13.746760
27.372571,24.842139,13.764946
27.006142,24.742724,13.782782
26.723485,24.643104,13.800271
26.137313,24.543281,13.817405
25.254288,24.443370,13.834155
24.290118,24.343365,13.850509
23.362557,24.243256,13.866450
22.526707,24.143042,13.881963
21.740085,24.042760,13.897024
20.976847,23.942434,13.911614
20.189250,23.842087,13.925712
19.684393,23.741750,13.939296
18.725203,23.641406,13.952354
18.234010,23.541051,13.964864
17.651982,23.440738,13.976805
17.605968,23.340504,13.988158
16.966171,23.240302,13.998923
16.599647,23.140143,14.009083
16.204205,23.040059,14.018624
16.501840,22.940102,14.027532
16.152439,22.840164,14.035821
15.921150,22.740301,14.043482
15.727406,22.640528,14.050506
16.203957,22.540897,14.056888
16.272261,22.441296,14.062650
16.366036,22.341723,14.067798
16.561884,22.242191,14.072337
16.946246,22.142719,14.076275
17.642371,22.043293,14.079628
18.040097,21.943858,14.082418
18.575106,21.844421,14.084660
19.104682,21.744986,14.086370
19.796428,21.645553,14.087562
20.460095,21.546101,14.088255
21.287205,21.446613,14.088464
22.108368,21.347095,14.088208
23.127178,21.247526,14.087504
23.826716,21.147889,14.086370
24.981773,21.048208,14.084818
25.889804,20.948480,14.082867
26.742517,20.848694,14.080530
27.185175,20.748823,14.077817
27.571412,20.648882,14.074733
28.298980,20.548888,14.071286
28.375730,20.448868,14.067482
28.526542,20.348794,14.063323
28.246049,20.248649,14.058807
28.528513,20.148457,14.053934
28.464629,20.048249,14.048707
28.255623,19.948037,14.043124
27.862075,19.847817,14.037183
27.457593,19.747609,14.030881
26.942336,19.647425,14.024212
26.374555,19.547270,14.017169
25.892314,19.447160,14.009747
25.563044,19.347116,14.001941
25.130739,19.247162,13.993746
24.764116,19.147291,13.985156
24.680466,19.047494,13.976167
24.653528,18.947814,13.966781
24.844772,18.848274,13.957001
24.099075,18.748924,13.946833
24.353641,18.649664,13.936261
24.457331,18.550550,13.925294
24.753798,18.451612,13.913939
24.260767,18.352887,13.902203
24.234028,18.254305,13.890076
24.328228,18.155861,13.877557
24.801672,18.057595,13.864654
24.520489,17.959500,13.851373
24.433246,17.861549,13.837709
24.423847,17.763727,13.823659
24.624356,17.666067,13.809231
24.401734,17.568554,13.794423
24.168656,17.471140,13.779227
24.060606,17.373806,13.763637
23.912578,17.276558,13.747651
23.710750,17.179393,13.731268
23.600806,17.082295,13.714481
23.538801,16.985245,13.697284
23.517847,16.888220,13.679673
23.536936,16.791192,13.661641
23.437910,16.694190,13.643191
23.650064,16.597221,13.624326
23.706334,16.500235,13.605035
24.532060,16.403179,13.585311
23.948702,16.306052,13.565160
24.669647,16.208950,13.544597
24.979794,16.111804,13.523615
26.315186,16.014544,13.502206
26.259377,15.917194,13.480386
27.018697,15.819816,13.458172
27.575041,15.722402,13.435570
28.638260,15.624890,13.412574
28.417558,15.527325,13.389201
28.207906,15.429756,13.365463
27.991442,15.332203,13.341360
27.772355,15.234635,13.316881
26.992742,15.137070,13.292026
26.043930,15.039562,13.266797
25.083384,14.942134,13.241186
23.979180,14.844788,13.215177
22.748501,14.747538,13.188755
21.453101,14.650412,13.161904
20.113489,14.553440,13.134603
18.828058,14.456652,13.106830
17.346570,14.360082,13.078558
16.183742,14.263711,13.049737
15.132185,14.167581,13.020336
14.263368,14.071743,12.990327
13.382954,13.976249,12.959686
12.681902,13.881040,12.928348
12.074169,13.786154,12.896284
11.494161,13.691646,12.863472
11.078446,13.597571,12.829892
10.580418,13.503866,12.795487
10.203967,13.410561,12.760229
9.842709,13.317716,12.724104
9.738115,13.225380,12.687102
9.527839,13.133482,12.649179
9.429356,13.042025,12.610319
9.354304,12.951041,12.570524
9.398592,12.860559,12.529801
9.463594,12.770545,12.488142
9.588005,12.680975,12.445543
9.784252,12.591857,12.402025
10.050119,12.503190,12.357609
10.413194,12.414958,12.312319
10.900243,12.327137,12.266178
11.523441,12.239703,12.219222
12.372374,12.152630,12.171490
13.296621,12.065887,12.123029
14.743260,11.979471,12.073903
16.437666,11.893337,12.024165
18.765622,11.807433,11.973865
21.353791,11.721719,11.923060
25.459244,11.636203,11.871836
31.380974,11.550843,11.820248
39.498117,11.465582,11.768349
49.617289,11.380385,11.716190
64.435569,11.295263,11.663840
85.480371,11.210195,11.611339
113.899928,11.125147,11.558711
145.004944,11.040098,11.505978
174.186167,10.955067,11.453173
184.492155,10.870055,11.400310
166.597951,10.785050,11.347386
133.971203,10.700051,11.294394
101.743661,10.615079,11.241327
76.152724,10.530157,11.188174
57.646006,10.445303,11.134906
44.222402,10.360540,11.081488
34.751157,10.275899,11.027876
28.631315,10.191426,10.974029
24.457421,10.107160,10.919899
21.314741,10.023143,10.865442
18.980155,9.939407,10.810607
17.130366,9.855990,10.755350
15.639859,9.772935,10.699633
14.392249,9.690283,10.643417
13.385162,9.608066,10.586658
12.502003,9.526310,10.529313
11.764156,9.445061,10.471349
11.244126,9.364359,10.412740
10.961823,9.284220,10.353450
10.766633,9.204643,10.293449
10.722873,9.125648,10.232736
10.782431,9.047251,10.171316
10.990677,8.969440,10.109191
11.209827,8.892188,10.046358
11.519879,8.815495,9.982840
11.885821,8.739353,9.918661
12.374241,8.663743,9.853840
12.980479,8.588634,9.788394
13.735308,8.514007,9.722355
14.692778,8.439840,9.655757
15.850535,8.366102,9.588637
17.442660,8.292768,9.521037
19.147626,8.219801,9.452998
20.977315,8.147167,9.384558
22.820587,8.074840,9.315752
24.677404,8.002802,9.246617
26.393321,7.931028,9.177174
28.152394,7.859493,9.107436
30.024394,7.788184,9.037422
31.729556,7.717101,8.967163
33.404707,7.646226,8.896665
34.973445,7.575540,8.825934
36.493223,7.505033,8.754976
37.505820,7.434715,8.683819
38.282588,7.364577,8.612463
38.699155,7.294606,8.540904
38.679278,7.224795,8.469137
38.713894,7.155160,8.397178
39.474764,7.085701,8.325031
40.785441,7.016410,8.252693
42.696833,6.947276,8.180164
45.448953,6.878302,8.107462
49.200057,6.809485,8.034605
53.294432,6.740814,7.961605
57.974835,6.672277,7.888473
63.321199,6.603864,7.815218
69.575736,6.535564,7.741853
76.803944,6.467369,7.668389
85.565921,6.399270,7.594835
96.167817,6.331259,7.521203
108.355652,6.263324,7.447500
123.882491,6.195458,7.373735
139.099341,6.127655,7.299917
149.271786,6.059911,7.226056
150.045639,5.992215,7.152147
142.944284,5.924566,7.078188
129.842579,5.856963,7.004175
115.526849,5.789410,6.930102
102.647406,5.721918,6.855966
93.180828,5.654489,6.781753
84.702309,5.587124,6.707451
80.254966,5.519824,6.633045
74.281308,5.452616,6.558552
69.775883,5.385501,6.483961
65.552805,5.318481,6.409259
62.670092,5.251555,6.334433
59.524025,5.184741,6.259489
57.144124,5.118046,6.184425
56.309082,5.051471,6.109232
56.716756,4.985014,6.033902
58.530640,4.918678,5.958442
61.638019,4.852469,5.882866
66.739706,4.786382,5.807181
75.300839,4.720408,5.731397
85.566527,4.654529,5.655518
97.611284,4.588744,5.579566
111.967265,4.523045,5.503556
130.398307,4.457431,5.427507
153.084948,4.391891,5.351423
178.735258,4.326411,5.275308
209.339112,4.260992,5.199178
245.700854,4.195642,5.123053
289.365103,4.130361,5.046947
286.423068,4.065136,4.970849
247.480239,3.999959,4.894754
194.538856,3.934853,4.818677
148.162883,3.869845,4.742634
109.438471,3.804927,4.666590
83.411686,3.740105,4.590518
64.641474,3.675409,4.514408
53.187141,3.610885,4.438261
45.797525,3.546556,4.362057
40.570809,3.482432,4.285760
37.770929,3.418520,4.209336
35.817221,3.354847,4.132791
34.745598,3.291432,4.056125
33.826049,3.228272,3.979320
34.291815,3.165350,3.902348
35.190316,3.102671,3.825220
37.758827,3.040237,3.747950
42.307181,2.978027,3.670546
51.485071,2.915998,3.592997
70.731686,2.854119,3.515332
127.890783,2.792349,3.437583
5457.576322,2.730640,3.359791
-121.527281,2.668927,3.281992
-63.172330,2.607142,3.204231
-43.460377,2.545218,3.126546
-34.553997,2.483097,3.048974
-28.649166,2.420758,2.971587
-24.926098,2.358147,2.894410
-22.313652,2.295213,2.817464
-20.539874,2.231911,2.740765
-19.113430,2.168236,2.664369
-18.038764,2.104160,2.588300
-17.485098,2.039647,2.512560
-17.379852,1.974669,2.437144
-17.628807,1.909231,2.362066
-18.632452,1.843359,2.287341
-20.350807,1.777065,2.212938
-23.275333,1.710369,2.138816
-26.690642,1.643314,2.064935
-32.565891,1.575969,1.991286
-41.431766,1.508382,1.917826
-58.785351,1.440607,1.844517
-97.766813,1.372694,1.771308
-372.472596,1.304716,1.698177
209.066470,1.236746,1.625095
76.870782,1.168867,1.552039
45.186812,1.101135,1.478948
33.276735,1.033601,1.405752
27.523666,0.966364,1.332443
23.574584,0.899516,1.259029
21.338012,0.833079,1.185449
20.721615,0.767039,1.111631
20.769567,0.701468,1.037633
20.293880,0.636428,0.963524
21.317546,0.571821,0.889192
22.810433,0.507632,0.814651
24.948982,0.443897,0.739989
28.978392,0.380569,0.665216
35.835380,0.317535,0.590280
48.815353,0.254800,0.515287
99.784409,0.192320,0.440302
4730.437536,0.129943,0.365289
-88.513043,0.067639,0.290365
-41.193522,0.005330,0.215607
-28.948909,-0.057123,0.141028
-21.802450,-0.119776,0.066720
-17.585337,-0.182733,-0.007276
-15.049244,-0.246087,-0.080915
-13.114182,-0.309901,-0.154126
-12.005144,-0.374269,-0.226885
-10.357661,-0.439289,-0.299177
-11.763541,-0.505029,-0.370961
-6.446575,-0.571486,-0.442142
12.772343,-0.638780,-0.512757
-13.801902,-0.704384,-0.581802
-14.191173,-0.767615,-0.647783
-15.187402,-0.831280,-0.713361
-17.167211,-0.895290,-0.778515
-18.181072,-0.959744,-0.843416
-22.059849,-1.024457,-0.907941
-30.003750,-1.089425,-0.972187
-52.644965,-1.154605,-1.036258
-165.008684,-1.219951,-1.100265
59.163621,-1.285228,-1.164154
33.495234,-1.350465,-1.228182
25.290154,-1.415545,-1.292399
20.955897,-1.480316,-1.356771
21.935253,-1.544823,-1.421423
27.950651,-1.609071,-1.486338
31.856134,-1.673062,-1.551428
28.890658,-1.736916,-1.616767
21.778772,-1.800627,-1.682390
15.632514,-1.864152,-1.748388
12.044088,-1.927467,-1.814947
10.014884,-1.990384,-1.882104
8.356324,-2.052822,-1.949997
9.155358,-2.114666,-2.018689
5.174334,-2.175819,-2.088210
